"Predicted","Actual"
"29","29"
"26","26"
"8","8"
"57","57"
"38","38"
"61","61"
"50","50"
"61","61"
"67","67"
"29","29"
"35","35"
"12","12"
"62","62"
"68","68"
"11","11"
"47","47"
"23","23"
"34","34"
"6","6"
"5","5"
"24","24"
"20","20"
"31","31"
"69","69"
"20","20"
"8","8"
"53","53"
"2","2"
"79","79"
"2","2"
"4","4"
"38","38"
"12","12"
"37","37"
"12","12"
"13","13"
"25","25"
"32","32"
"33","33"
"58","58"
"5","5"
"25","25"
"7","7"
"38","38"
"30","30"
"4","4"
"52","52"
"6","6"
"24","24"
"72","72"
"53","53"
"30","30"
"73","73"
"10","10"
"17","17"
"80","80"
"3","3"
"9","9"
"70","70"
"28","28"
"3","3"
"72","72"
"29","29"
"1","1"
"62","62"
"41","41"
"11","11"
"19","19"
"71","71"
"13","13"
"14","14"
"4","4"
"22","22"
"42","42"
"43","43"
"39","39"
"42","42"
"22","22"
"21","21"
"5","5"
"49","49"
"21","21"
"2","2"
"67","67"
"67","67"
"27","27"
"22","22"
"63","63"
"14","14"
"66","66"
"25","25"
"13","13"
"7","7"
"8","8"
"31","31"
"23","23"
"54","54"
"56","56"
"34","34"
"7","7"
"22","22"
"49","49"
"48","48"
"48","48"
"27","27"
"32","32"
"35","35"
"69","69"
"60","60"
"64","64"
"63","63"
"6","6"
"6","6"
"32","32"
"50","50"
"1","1"
"33","33"
"51","51"
"45","45"
"1","1"
"9","9"
"19","19"
"47","47"
"10","10"
"58","58"
"52","52"
"7","7"
"65","65"
"50","50"
"9","9"
"23","23"
"56","56"
"42","42"
"22","22"
"20","20"
"25","25"
"47","47"
"27","27"
"42","42"
"21","21"
"13","13"
"62","62"
"41","41"
"67","67"
"9","9"
"14","14"
"28","28"
"41","41"
"26","26"
"18","18"
"23","23"
"29","29"
"28","28"
"36","36"
"30","30"
"74","74"
"19","19"
"24","24"
"37","37"
"28","28"
"1","1"
"22","22"
"8","8"
"61","61"
"45","45"
"20","20"
"74","74"
"21","21"
"49","49"
"70","70"
"42","42"
"38","38"
"5","5"
"63","63"
"58","58"
"32","32"
"64","64"
"17","17"
"69","69"
"56","56"
"58","58"
"21","21"
"28","28"
"50","50"
"11","11"
"44","44"
"37","37"
"5","5"
"57","57"
"7","7"
"8","8"
"58","58"
"44","44"
"14","14"
"32","32"
"3","3"
"33","33"
"83","83"
"48","48"
"6","6"
"25","25"
"43","43"
"76","76"
"19","19"
"50","50"
"6","6"
"58","58"
"40","40"
"54","54"
"78","78"
"22","22"
"1","1"
"53","53"
"71","71"
"15","15"
"6","6"
"73","73"
"22","22"
"30","30"
"84","84"
"51","51"
"8","8"
"18","18"
"43","43"
"48","48"
"63","63"
"16","16"
"28","28"
"68","68"
"10","10"
"51","51"
"41","41"
"12","12"
"21","21"
"24","24"
"25","25"
"2","2"
"81","81"
"56","56"
"37","37"
"16","16"
"36","36"
"5","5"
"36","36"
"54","54"
"57","57"
"33","33"
"65","65"
"69","69"
"52","52"
"5","5"
"82","82"
"12","12"
"31","31"
"57","57"
"27","27"
"37","37"
"31","31"
"47","47"
"3","3"
"12","12"
"40","40"
"34","34"
"14","14"
"7","7"
"34","34"
"70","70"
"51","51"
"11","11"
"37","37"
"21","21"
"18","18"
"67","67"
"59","59"
"12","12"
"46","46"
"42","42"
"2","2"
"51","51"
"43","43"
"4","4"
"25","25"
"37","37"
"1","1"
"11","11"
"50","50"
"50","50"
"2","2"
"39","39"
"65","65"
"74","74"
"37","37"
"96","96"
"30","30"
"54","54"
"63","63"
"27","27"
"35","35"
"48","48"
"18","18"
"38","38"
"5","5"
"43","43"
"67","67"
"29","29"
"99","98"
"27","27"
"30","30"
"12","12"
"61","61"
"45","45"
"24","24"
"65","65"
"30","30"
"46","46"
"5","5"
"82","82"
"12","12"
"24","24"
"46","46"
"69","69"
"18","18"
"81","81"
"68","68"
"21","21"
"75","75"
"51","51"
"15","15"
"68","68"
"16","16"
"63","63"
"71","71"
"23","23"
"7","7"
"14","14"
"50","50"
"11","11"
"33","33"
"15","15"
"51","51"
"44","44"
"38","38"
"20","20"
"22","22"
"27","27"
"20","20"
"68","68"
"19","19"
"4","4"
"9","9"
"54","54"
"8","8"
"38","38"
"6","6"
"16","16"
"40","40"
"53","53"
"43","43"
"55","55"
"73","73"
"82","82"
"3","3"
"15","15"
"94","94"
"34","34"
"60","60"
"20","20"
"47","47"
"69","69"
"60","60"
"34","34"
"22","22"
"87","87"
"66","66"
"13","13"
"2","2"
"34","34"
"26","26"
"65","65"
"45","45"
"1","1"
"58","58"
"18","18"
"9","9"
"24","24"
"48","48"
"56","56"
"61","61"
"11","11"
"13","13"
"38","38"
"6","6"
"52","52"
"63","63"
"16","16"
"47","47"
"48","48"
"95","95"
"30","30"
"9","9"
"99","98"
"45","45"
"68","68"
"16","16"
"33","33"
"5","5"
"21","21"
"42","42"
"39","39"
"89","89"
"39","39"
"103","105"
"48","48"
"55","55"
"78","78"
"5","5"
"40","40"
"3","3"
"63","63"
"28","28"
"73","73"
"38","38"
"11","11"
"74","74"
"39","39"
"16","16"
"20","20"
"3","3"
"18","18"
"64","64"
"79","79"
"2","2"
"6","6"
"15","15"
"72","72"
"71","71"
"66","66"
"50","50"
"51","51"
"14","14"
"100","101"
"26","26"
"40","40"
"19","19"
"9","9"
"83","83"
"49","49"
"49","49"
"32","32"
"36","36"
"49","49"
"61","61"
"28","28"
"45","45"
"19","19"
"13","13"
"25","25"
"6","6"
"42","42"
"37","37"
"43","43"
"83","83"
"29","29"
"13","13"
"61","61"
"38","38"
"26","26"
"11","11"
"39","39"
"43","43"
"87","87"
"22","22"
"25","25"
"13","13"
"59","59"
"1","1"
"5","5"
"103","102"
"23","23"
"40","40"
"39","39"
"13","13"
"48","48"
"52","52"
"91","91"
"59","59"
"49","49"
"56","56"
"71","71"
"13","13"
"42","42"
"24","24"
"58","58"
"97","97"
"39","39"
"32","32"
"48","48"
"10","10"
"24","24"
"3","3"
"103","107"
"42","42"
"46","46"
"21","21"
"13","13"
"58","58"
"64","64"
"57","57"
"74","74"
"28","28"
"11","11"
"45","45"
"14","14"
"19","19"
"11","11"
"23","23"
"12","12"
"18","18"
"36","36"
"83","83"
"18","18"
"82","82"
"32","32"
"2","2"
"94","94"
"73","73"
"24","24"
"21","21"
"30","30"
"63","63"
"82","82"
"19","19"
"33","33"
"33","33"
"5","5"
"57","57"
"27","27"
"22","22"
"59","59"
"38","38"
"81","81"
"25","25"
"60","60"
"45","45"
"49","49"
"11","11"
"50","50"
"88","88"
"4","4"
"32","32"
"27","27"
"1","1"
"38","38"
"67","67"
"90","90"
"49","49"
"2","2"
"81","81"
"99","99"
"4","4"
"57","57"
"65","65"
"21","21"
"36","36"
"12","12"
"9","9"
"14","14"
"65","65"
"10","10"
"76","76"
"9","9"
"42","42"
"97","97"
"64","64"
"75","75"
"47","47"
"70","70"
"27","27"
"41","41"
"73","73"
"9","9"
"2","2"
"74","74"
"16","16"
"42","42"
"55","55"
"7","7"
"66","66"
"1","1"
"48","48"
"30","30"
"17","17"
"30","30"
"29","29"
"18","18"
"103","105"
"30","30"
"60","60"
"15","15"
"4","4"
"41","41"
"40","40"
"67","67"
"103","104"
"63","63"
"47","47"
"33","33"
"8","8"
"57","57"
"84","84"
"59","59"
"10","10"
"50","50"
"62","62"
"65","65"
"99","100"
"78","78"
"5","5"
"35","35"
"17","17"
"51","51"
"47","47"
"40","40"
"64","64"
"49","49"
"20","20"
"76","76"
"28","28"
"28","28"
"29","29"
"95","95"
"37","37"
"46","46"
"99","98"
"24","24"
"3","3"
"22","22"
"73","73"
"3","3"
"67","67"
"31","31"
"99","100"
"39","39"
"72","72"
"33","33"
"91","91"
"15","15"
"5","5"
"95","95"
"103","106"
"103","108"
"51","51"
"16","16"
"68","68"
"54","54"
"89","89"
"29","29"
"69","69"
"7","7"
"4","4"
"24","24"
"34","34"
"33","33"
"85","85"
"46","46"
"15","15"
"61","61"
"20","20"
"64","64"
"23","23"
"24","24"
"29","29"
"21","21"
"43","43"
"89","89"
"13","13"
"81","81"
"19","19"
"13","13"
"51","51"
"61","61"
"87","87"
"10","10"
"62","62"
"74","74"
"21","21"
"63","63"
"10","10"
"61","61"
"84","84"
"13","13"
"27","27"
"70","70"
"81","81"
"33","33"
"46","46"
"59","59"
"5","5"
"35","35"
"1","1"
"8","8"
"21","21"
"19","19"
"50","50"
"38","38"
"77","77"
"10","10"
"75","75"
"93","93"
"9","9"
"26","26"
"88","88"
"71","71"
"60","60"
"77","77"
"32","32"
"71","71"
"11","11"
"36","36"
"81","81"
"64","64"
"88","88"
"24","24"
"56","56"
"58","58"
"28","28"
"96","96"
"69","69"
"74","74"
"12","12"
"52","52"
"14","14"
"91","91"
"7","7"
"43","43"
"69","69"
"51","51"
"6","6"
"97","97"
"22","22"
"84","84"
"22","22"
"90","90"
"27","27"
"61","61"
"30","30"
"8","8"
"15","15"
"60","60"
"29","29"
"82","82"
"62","62"
"87","87"
"28","28"
"20","20"
"41","41"
"40","40"
"66","66"
"9","9"
"21","21"
"13","13"
"9","9"
"36","36"
"44","44"
"48","48"
"13","13"
"66","66"
"17","17"
"47","47"
"20","20"
"37","37"
"50","50"
"33","33"
"46","46"
"27","27"
"35","35"
"27","27"
"27","27"
"21","21"
"80","80"
"92","92"
"89","89"
"89","89"
"31","31"
"63","63"
"4","4"
"60","60"
"12","12"
"65","65"
"20","20"
"55","55"
"19","19"
"35","35"
"66","66"
"78","78"
"49","49"
"13","13"
"10","10"
"74","74"
"41","41"
"64","64"
"44","44"
"49","49"
"32","32"
"53","53"
"56","56"
"37","37"
"39","39"
"14","14"
"78","78"
"63","63"
"14","14"
"32","32"
"10","10"
"86","86"
"61","61"
"34","34"
"88","88"
"61","61"
"16","16"
"86","86"
"44","44"
"21","21"
"70","70"
"15","15"
"4","4"
"19","19"
"28","28"
"49","49"
"9","9"
"41","41"
"55","55"
"43","43"
"13","13"
"72","72"
"34","34"
"2","2"
"58","58"
"17","17"
"32","32"
"59","59"
"59","59"
"6","6"
"80","80"
"23","23"
"34","34"
"2","2"
"2","2"
"12","12"
"42","42"
"84","84"
"91","91"
"64","64"
"57","57"
"41","41"
"45","45"
"74","74"
"7","7"
"46","46"
"39","39"
"39","39"
"47","47"
"29","29"
"34","34"
"29","29"
"2","2"
"34","34"
"11","11"
"36","36"
"2","2"
"27","27"
"59","59"
"9","9"
"66","66"
"39","39"
"37","37"
"47","47"
"57","57"
"2","2"
"56","56"
"22","22"
"33","33"
"11","11"
"35","35"
"80","80"
"65","65"
"68","68"
"76","76"
"42","42"
"47","47"
"35","35"
"9","9"
"33","33"
"29","29"
"69","69"
"23","23"
"12","12"
"58","58"
"31","31"
"58","58"
"66","66"
"52","52"
"83","83"
"20","20"
"13","13"
"60","60"
"53","53"
"11","11"
"54","54"
"22","22"
"37","37"
"76","76"
"1","1"
"63","63"
"63","63"
"14","14"
"57","57"
"16","16"
"10","10"
"5","5"
"62","62"
"64","64"
"10","10"
"66","66"
"73","73"
"18","18"
"39","39"
"81","81"
"35","35"
"51","51"
"46","46"
"18","18"
"49","49"
"6","6"
"9","9"
"48","48"
"10","10"
"51","51"
"78","78"
"3","3"
"45","45"
"24","24"
"52","52"
"39","39"
"67","67"
"8","8"
"68","68"
"67","67"
"43","43"
"41","41"
"5","5"
"57","57"
"15","15"
"16","16"
"18","18"
"22","22"
"64","64"
"38","38"
"25","25"
"44","44"
"71","71"
"5","5"
"21","21"
"27","27"
"32","32"
"17","17"
"30","30"
"52","52"
"58","58"
"1","1"
"5","5"
"20","20"
"3","3"
"60","60"
"44","44"
"36","36"
"15","15"
"49","49"
"62","62"
"4","4"
"13","13"
"26","26"
"17","17"
"47","47"
"65","65"
"16","16"
"24","24"
"28","28"
"42","42"
"54","54"
"69","69"
"25","25"
"52","52"
"15","15"
"39","39"
"7","7"
"30","30"
"38","38"
"40","40"
"4","4"
"4","4"
"72","72"
"7","7"
"1","1"
"5","5"
"35","35"
"44","44"
"51","51"
"26","26"
"58","58"
"10","10"
"2","1"
"2","2"
"4","4"
"77","77"
"16","16"
"11","11"
"49","49"
"49","49"
"32","32"
"35","35"
"5","5"
"24","24"
"78","78"
"5","5"
"73","73"
"68","68"
"54","54"
"31","31"
"63","63"
"36","36"
"13","13"
"46","46"
"22","22"
"31","31"
"1","1"
"69","69"
"15","15"
"49","49"
"60","60"
"14","14"
"11","11"
"43","43"
"24","24"
"31","31"
"9","9"
"17","17"
"50","50"
"26","26"
"67","67"
"85","85"
"26","26"
"13","13"
"17","17"
"49","49"
"8","8"
"75","75"
"17","17"
"65","65"
"22","22"
"44","44"
"35","35"
"51","51"
"32","32"
"38","38"
"17","17"
"57","57"
"61","61"
"48","48"
"12","12"
"63","63"
"23","23"
"3","3"
"41","41"
"7","7"
"12","12"
"53","53"
"20","20"
"9","9"
"27","27"
"40","40"
"32","32"
"9","9"
"3","3"
"45","45"
"7","7"
"39","39"
"61","61"
"14","14"
"34","34"
"64","64"
"44","44"
"44","44"
"19","19"
"51","51"
"42","42"
"28","28"
"65","65"
"58","58"
"33","33"
"43","43"
"70","70"
"24","24"
"63","63"
"24","24"
"23","23"
"19","19"
"63","63"
"2","2"
"50","50"
"47","47"
"15","15"
"29","29"
"45","45"
"35","35"
"19","19"
"30","30"
"6","6"
"12","12"
"8","8"
"58","58"
"13","13"
"1","1"
"41","41"
"32","32"
"46","46"
"8","8"
"53","53"
"38","38"
"69","69"
"62","62"
"16","16"
"14","14"
"48","48"
"56","56"
"50","50"
"27","27"
"73","73"
"13","13"
"48","48"
"48","48"
"55","55"
"52","52"
"53","53"
"48","48"
"66","66"
"29","29"
"18","18"
"12","12"
"67","67"
"43","43"
"16","16"
"60","60"
"29","29"
"43","43"
"51","51"
"19","19"
"41","41"
"58","58"
"11","11"
"19","19"
"6","6"
"30","30"
"54","54"
"15","15"
"24","24"
"40","40"
"33","33"
"42","42"
"1","1"
"70","70"
"39","39"
"17","17"
"3","3"
"31","31"
"31","31"
"29","29"
"26","26"
"17","17"
"30","30"
"74","74"
"56","56"
"43","43"
"17","17"
"62","62"
"30","30"
"7","7"
"37","37"
"37","37"
"27","27"
"1","1"
"5","5"
"4","4"
"29","29"
"28","28"
"8","8"
"17","17"
"3","3"
"27","27"
"34","34"
"47","47"
"23","23"
"68","68"
"22","22"
"66","66"
"10","10"
"12","12"
"42","42"
"2","2"
"31","31"
"16","16"
"1","1"
"2","2"
"49","49"
"15","15"
"61","61"
"28","28"
"14","14"
"9","9"
"32","32"
"25","25"
"20","20"
"63","63"
"6","6"
"67","67"
"49","49"
"25","25"
"5","5"
"26","26"
"8","8"
"14","14"
"31","31"
"31","31"
"61","61"
"30","30"
"53","53"
"58","58"
"9","9"
"58","58"
"25","25"
"36","36"
"6","6"
"11","11"
"19","19"
"75","75"
"31","31"
"46","46"
"18","18"
"28","28"
"33","33"
"70","70"
"18","18"
"10","10"
"61","61"
"45","45"
"74","74"
"54","54"
"53","53"
"46","46"
"50","50"
"65","65"
"30","30"
"15","15"
"36","36"
"28","28"
"3","3"
"7","7"
"54","54"
"43","43"
"27","27"
"9","9"
"26","26"
"82","82"
"8","8"
"41","41"
"8","8"
"38","38"
"4","4"
"33","33"
"77","77"
"32","32"
"7","7"
"15","15"
"21","21"
"14","14"
"61","61"
"16","16"
"48","48"
"46","46"
"63","63"
"64","64"
"20","20"
"68","68"
"39","39"
"37","37"
"54","54"
"10","10"
"63","63"
"69","69"
"2","2"
"1","1"
"30","30"
"56","56"
"71","71"
"2","2"
"70","70"
"40","40"
"56","56"
"57","57"
"21","21"
"33","33"
"57","57"
"74","74"
"18","18"
"22","22"
"64","64"
"23","23"
"31","31"
"26","26"
"29","29"
"64","64"
"49","49"
"26","26"
"58","58"
"69","69"
"72","72"
"2","2"
"43","43"
"50","50"
"12","12"
"3","3"
"74","74"
"37","37"
"51","51"
"9","9"
"34","34"
"12","12"
"59","59"
"55","55"
"18","18"
"20","20"
"4","4"
"57","57"
"10","10"
"55","55"
"8","8"
"40","40"
"63","63"
"22","22"
"82","82"
"80","80"
"80","80"
"7","7"
"31","31"
"37","37"
"44","44"
"23","23"
"6","6"
"7","7"
"13","13"
"15","15"
"81","81"
"75","75"
"34","34"
"36","36"
"61","61"
"40","40"
"65","65"
"26","26"
"11","11"
"3","3"
"35","35"
"27","27"
"54","54"
"58","58"
"45","45"
"70","70"
"23","23"
"45","45"
"35","35"
"24","24"
"13","13"
"3","3"
"40","40"
"21","21"
"4","4"
"64","64"
"77","77"
"21","21"
"71","71"
"58","58"
"49","49"
"22","22"
"61","61"
"59","59"
"24","24"
"69","69"
"71","71"
"53","53"
"25","25"
"35","35"
"67","67"
"59","59"
"40","40"
"60","60"
"33","33"
"16","16"
"14","14"
"6","6"
"49","49"
"58","58"
"77","77"
"3","3"
"16","16"
"23","23"
"5","5"
"9","9"
"36","36"
"67","67"
"66","66"
"53","53"
"39","39"
"72","72"
"84","84"
"79","79"
"6","6"
"15","15"
"3","3"
"87","87"
"52","52"
"70","70"
"17","17"
"35","35"
"8","8"
"17","17"
"9","9"
"73","73"
"14","14"
"13","13"
"38","38"
"8","8"
"77","77"
"24","24"
"66","66"
"68","68"
"50","50"
"66","66"
"62","62"
"59","59"
"57","57"
"75","75"
"43","43"
"44","44"
"1","1"
"76","76"
"8","8"
"1","1"
"26","26"
"31","31"
"40","40"
"32","32"
"1","1"
"34","34"
"2","1"
"66","66"
"75","75"
"31","31"
"30","30"
"2","2"
"3","3"
"78","78"
"30","30"
"12","12"
"2","2"
"27","27"
"57","57"
"30","30"
"26","26"
"55","55"
"9","9"
"40","40"
"35","35"
"46","46"
"61","61"
"40","40"
"29","29"
"48","48"
"27","27"
"20","20"
"31","31"
"44","44"
"55","55"
"16","16"
"18","18"
"13","13"
"9","9"
"45","45"
"11","11"
"33","33"
"25","25"
"13","13"
"38","38"
"24","24"
"23","23"
"47","47"
"10","10"
"9","9"
"13","13"
"75","75"
"37","37"
"27","27"
"34","34"
"45","45"
"9","9"
"54","54"
"52","52"
"69","69"
"28","28"
"29","29"
"28","28"
"16","16"
"55","55"
"21","21"
"19","19"
"49","49"
"37","37"
"4","4"
"41","41"
"57","57"
"59","59"
"60","60"
"14","14"
"12","12"
"41","41"
"62","62"
"17","17"
"64","64"
"67","67"
"6","6"
"44","44"
"55","55"
"38","38"
"56","56"
"49","49"
"1","1"
"48","48"
"13","13"
"33","33"
"34","34"
"27","27"
"50","50"
"6","6"
"25","25"
"10","10"
"41","41"
"59","59"
"69","69"
"68","68"
"78","78"
"24","24"
"24","24"
"52","52"
"37","37"
"11","11"
"12","12"
"60","60"
"59","59"
"28","28"
"29","29"
"61","61"
"27","27"
"44","44"
"35","35"
"27","27"
"56","56"
"37","37"
"58","58"
"42","42"
"40","40"
"12","12"
"8","8"
"4","4"
"3","3"
"39","39"
"4","4"
"40","40"
"69","69"
"27","27"
"77","77"
"3","3"
"42","42"
"8","8"
"11","11"
"28","28"
"66","66"
"32","32"
"66","66"
"13","13"
"21","21"
"29","29"
"32","32"
"63","63"
"2","2"
"44","44"
"73","73"
"26","26"
"6","6"
"83","83"
"61","61"
"6","6"
"54","54"
"5","5"
"16","16"
"6","6"
"52","52"
"80","80"
"76","76"
"31","31"
"48","48"
"35","35"
"49","49"
"82","82"
"75","75"
"7","7"
"12","12"
"64","64"
"53","53"
"51","51"
"76","76"
"33","33"
"58","58"
"22","22"
"17","17"
"16","16"
"47","47"
"21","21"
"2","2"
"15","15"
"73","73"
"70","70"
"27","27"
"11","11"
"5","5"
"69","69"
"72","72"
"88","88"
"63","63"
"8","8"
"12","12"
"68","68"
"78","78"
"36","36"
"51","51"
"3","3"
"46","46"
"43","43"
"46","46"
"72","72"
"15","15"
"2","2"
"11","11"
"35","35"
"72","72"
"58","58"
"46","46"
"17","17"
"63","63"
"52","52"
"66","66"
"10","10"
"32","32"
"23","23"
"77","77"
"23","23"
"58","58"
"2","2"
"13","13"
"62","62"
"10","10"
"60","60"
"13","13"
"19","19"
"29","29"
"39","39"
"28","28"
"24","24"
"8","8"
"57","57"
"37","37"
"35","35"
"52","52"
"21","21"
"6","6"
"29","29"
"46","46"
"10","10"
"50","50"
"58","58"
"11","11"
"8","8"
"5","5"
"13","13"
"67","67"
"55","55"
"14","14"
"27","27"
"2","2"
"49","49"
"69","69"
"25","25"
"33","33"
"31","31"
"71","71"
"66","66"
"60","60"
"91","91"
"25","25"
"75","75"
"12","12"
"54","54"
"5","4"
"10","10"
"21","21"
"44","44"
"71","71"
"45","45"
"45","45"
"14","14"
"49","49"
"18","18"
"15","15"
"56","56"
"63","63"
"64","64"
"27","27"
"20","20"
"29","29"
"56","56"
"30","30"
"19","19"
"15","15"
"16","16"
"70","70"
"68","68"
"56","56"
"56","56"
"79","79"
"1","1"
"32","32"
"38","38"
"44","44"
"53","53"
"59","59"
"40","40"
"7","7"
"18","18"
"35","35"
"39","39"
"27","27"
"4","4"
"48","48"
"76","76"
"62","62"
"39","39"
"58","58"
"5","5"
"37","37"
"66","66"
"13","13"
"16","16"
"46","46"
"25","25"
"65","65"
"51","51"
"73","73"
"37","37"
"50","50"
"64","64"
"7","7"
"6","6"
"58","58"
"75","75"
"24","24"
"33","33"
"41","41"
"5","5"
"22","22"
"62","62"
"30","30"
"48","48"
"62","62"
"49","49"
"12","12"
"49","49"
"14","14"
"53","53"
"38","38"
"58","58"
"21","21"
"59","59"
"22","22"
"7","7"
"38","38"
"86","86"
"66","66"
"42","42"
"36","36"
"56","56"
"42","42"
"21","21"
"67","67"
"28","28"
"14","14"
"16","16"
"47","47"
"14","14"
"40","40"
"43","43"
"61","61"
"42","42"
"8","8"
"9","9"
"15","15"
"36","36"
"76","76"
"58","58"
"6","6"
"41","41"
"62","62"
"3","3"
"17","17"
"60","60"
"63","63"
"20","20"
"41","41"
"53","53"
"17","17"
"85","85"
"60","60"
"54","54"
"38","38"
"15","15"
"34","34"
"2","2"
"4","4"
"6","6"
"23","23"
"60","60"
"16","16"
"7","7"
"21","21"
"9","9"
"17","17"
"8","8"
"33","33"
"26","26"
"40","40"
"4","4"
"5","5"
"48","48"
"21","21"
"17","17"
"13","13"
"10","10"
"54","54"
"3","3"
"6","6"
"4","4"
"17","17"
"11","11"
"18","18"
"43","43"
"30","30"
"10","10"
"6","6"
"11","11"
"2","2"
"7","7"
"23","23"
"62","62"
"13","13"
"29","29"
"15","15"
"27","27"
"28","28"
"27","27"
"10","10"
"15","15"
"20","20"
"16","16"
"18","18"
"44","44"
"25","25"
"1","1"
"22","22"
"32","32"
"10","10"
"15","15"
"20","20"
"14","14"
"1","1"
"47","47"
"46","46"
"5","5"
"9","9"
"49","49"
"35","35"
"23","23"
"21","21"
"24","24"
"42","42"
"30","30"
"13","13"
"51","51"
"45","45"
"58","58"
"17","17"
"33","33"
"35","35"
"24","24"
"37","37"
"41","41"
"38","38"
"10","10"
"4","4"
"4","4"
"24","24"
"44","44"
"34","34"
"21","21"
"44","44"
"12","12"
"12","12"
"7","7"
"30","30"
"27","27"
"43","43"
"4","4"
"42","42"
"18","18"
"10","10"
"15","15"
"20","20"
"51","51"
"8","8"
"2","2"
"20","20"
"1","1"
"11","11"
"11","11"
"21","21"
"17","17"
"17","17"
"19","19"
"21","21"
"49","49"
"15","15"
"46","46"
"3","3"
"18","18"
"1","1"
"34","34"
"37","37"
"10","10"
"19","19"
"19","19"
"40","40"
"34","34"
"24","24"
"8","8"
"3","3"
"2","2"
"36","36"
"42","42"
"24","24"
"22","22"
"12","12"
"28","28"
"14","14"
"20","20"
"3","3"
"11","11"
"4","4"
"41","41"
"23","23"
"5","5"
"17","17"
"6","6"
"5","5"
"25","25"
"34","34"
"41","41"
"6","6"
"23","23"
"32","32"
"12","12"
"23","23"
"26","26"
"5","5"
"27","27"
"14","14"
"16","16"
"10","10"
"27","27"
"11","11"
"26","26"
"13","13"
"21","21"
"1","1"
"10","10"
"43","43"
"12","12"
"11","11"
"39","39"
"31","31"
"37","37"
"10","10"
"8","8"
"48","48"
"19","19"
"20","20"
"30","30"
"2","2"
"6","6"
"26","26"
"43","43"
"35","35"
"15","15"
"32","32"
"32","32"
"15","15"
"26","26"
"21","21"
"6","6"
"40","40"
"42","42"
"3","3"
"7","7"
"8","8"
"12","12"
"40","40"
"22","22"
"29","29"
"14","14"
"37","37"
"25","25"
"23","23"
"36","36"
"25","25"
"18","18"
"29","29"
"25","25"
"1","1"
"51","51"
"29","29"
"7","7"
"47","47"
"54","54"
"31","31"
"55","55"
"34","34"
"39","39"
"8","8"
"20","20"
"8","8"
"30","30"
"21","21"
"27","27"
"2","2"
"13","13"
"10","10"
"27","27"
"33","33"
"3","3"
"23","23"
"11","11"
"36","36"
"1","1"
"36","36"
"9","9"
"4","4"
"22","22"
"27","27"
"18","18"
"37","37"
"21","21"
"3","3"
"10","10"
"12","12"
"3","3"
"32","32"
"17","17"
"16","16"
"20","20"
"16","16"
"42","42"
"29","29"
"31","31"
"9","9"
"28","28"
"43","43"
"11","11"
"5","5"
"10","10"
"6","6"
"4","4"
"30","30"
"1","1"
"50","50"
"29","29"
"10","10"
"7","7"
"11","11"
"17","17"
"28","28"
"24","24"
"3","2"
"13","13"
"15","15"
"3","3"
"28","28"
"4","4"
"25","25"
"26","26"
"8","8"
"13","13"
"15","15"
"29","29"
"12","12"
"46","46"
"18","18"
"36","36"
"2","2"
"11","11"
"22","22"
"24","24"
"24","24"
"11","11"
"3","3"
"37","37"
"11","11"
"19","19"
"18","18"
"48","48"
"1","1"
"9","9"
"56","56"
"23","23"
"35","35"
"9","9"
"34","34"
"7","7"
"19","19"
"14","14"
"36","36"
"21","21"
"28","28"
"12","12"
"13","13"
"52","52"
"10","10"
"20","20"
"52","52"
"12","12"
"4","4"
"18","18"
"3","3"
"5","5"
"25","25"
"29","29"
"33","33"
"30","30"
"23","23"
"12","12"
"11","11"
"35","35"
"18","18"
"7","7"
"5","5"
"23","23"
"18","18"
"6","6"
"6","6"
"38","38"
"15","15"
"2","2"
"15","15"
"6","6"
"16","16"
"17","17"
"10","10"
"28","28"
"32","32"
"32","32"
"15","15"
"7","7"
"1","1"
"7","7"
"15","15"
"22","22"
"4","4"
"3","3"
"30","30"
"14","14"
"20","20"
"31","31"
"24","24"
"16","16"
"19","19"
"13","13"
"12","12"
"15","15"
"10","10"
"3","3"
"22","22"
"2","2"
"39","39"
"21","21"
"7","7"
"31","31"
"14","14"
"15","15"
"18","18"
"19","19"
"21","21"
"28","28"
"14","14"
"4","4"
"6","6"
"15","15"
"4","4"
"10","10"
"1","1"
"24","24"
"24","24"
"23","23"
"13","13"
"20","20"
"18","18"
"19","19"
"18","18"
"9","9"
"9","9"
"4","4"
"6","6"
"19","19"
"7","7"
"2","2"
"17","17"
"2","2"
"35","35"
"23","23"
"38","38"
"28","28"
"20","20"
"19","19"
"28","28"
"22","22"
"20","20"
"13","13"
"3","3"
"4","4"
"30","30"
"11","11"
"41","41"
"26","26"
"46","46"
"51","51"
"33","33"
"22","22"
"48","48"
"47","47"
"9","9"
"2","2"
"1","1"
"6","6"
"21","21"
"25","25"
"35","35"
"6","6"
"3","3"
"37","37"
"14","14"
"30","30"
"25","25"
"8","8"
"28","28"
"23","23"
"20","20"
"20","20"
"44","44"
"10","10"
"25","25"
"2","2"
"2","2"
"36","36"
"42","42"
"9","9"
"38","38"
"13","13"
"36","36"
"50","50"
"18","18"
"14","14"
"35","35"
"8","8"
"8","8"
"33","33"
"31","31"
"31","31"
"17","17"
"38","38"
"44","44"
"31","31"
"45","45"
"20","20"
"42","42"
"2","2"
"8","8"
"11","11"
"36","36"
"1","1"
"24","24"
"33","33"
"30","30"
"4","4"
"18","18"
"29","29"
"12","12"
"24","24"
"12","12"
"26","26"
"23","23"
"32","32"
"8","8"
"17","17"
"17","17"
"39","39"
"34","34"
"14","14"
"16","16"
"37","37"
"5","5"
"12","12"
"23","23"
"34","34"
"44","44"
"5","5"
"37","37"
"35","35"
"33","33"
"12","12"
"49","49"
"7","7"
"40","40"
"18","18"
"13","13"
"46","46"
"18","18"
"13","13"
"20","20"
"13","13"
"7","7"
"5","5"
"14","14"
"1","1"
"31","31"
"7","7"
"25","25"
"27","27"
"25","25"
"20","20"
"7","7"
"17","17"
"9","9"
"24","24"
"6","6"
"7","7"
"8","8"
"22","22"
"8","8"
"8","8"
"10","10"
"5","5"
"15","15"
"9","9"
"19","19"
"9","9"
"1","1"
"3","3"
"15","15"
"15","15"
"23","23"
"5","5"
"18","18"
"26","26"
"9","9"
"22","22"
"2","2"
"26","26"
"4","4"
"10","10"
"15","15"
"5","5"
"1","1"
"19","19"
"15","15"
"15","15"
"15","15"
"4","4"
"14","14"
"5","5"
"24","24"
"8","8"
"17","17"
"12","12"
"9","9"
"19","19"
"20","20"
"17","17"
"17","17"
"12","12"
"11","11"
"25","25"
"6","6"
"7","7"
"4","4"
"10","10"
"32","32"
"5","5"
"26","26"
"18","18"
"1","1"
"10","10"
"18","18"
"3","3"
"16","16"
"2","2"
"29","29"
"22","22"
"13","13"
"30","30"
"35","35"
"34","34"
"10","10"
"22","22"
"11","11"
"27","27"
"19","19"
"22","22"
"40","40"
"26","26"
"18","18"
"11","11"
"20","20"
"8","8"
"34","34"
"6","6"
"26","26"
"16","16"
"9","9"
"21","21"
"23","23"
"9","9"
"25","25"
"13","13"
"2","2"
"20","20"
"15","15"
"11","11"
"5","5"
"19","19"
"17","17"
"28","28"
"33","33"
"18","18"
"18","18"
"4","4"
"2","2"
"5","5"
"3","3"
"12","12"
"14","14"
"23","23"
"2","2"
"39","39"
"3","3"
"11","11"
"12","12"
"23","23"
"33","33"
"9","9"
"6","6"
"19","19"
"27","27"
"34","34"
"35","35"
"16","16"
"1","1"
"41","41"
"8","8"
"5","5"
"8","8"
"19","19"
"8","8"
"31","31"
"29","29"
"22","22"
"17","17"
"23","23"
"36","36"
"5","5"
"35","35"
"21","21"
"24","24"
"1","1"
"5","5"
"28","28"
"2","2"
"38","38"
"5","5"
"10","10"
"1","1"
"3","3"
"26","26"
"9","9"
"14","14"
"13","13"
"34","34"
"2","1"
"12","12"
"36","36"
"1","1"
"19","19"
"9","9"
"14","14"
"31","31"
"8","8"
"8","8"
"2","2"
"15","15"
"39","39"
"3","3"
"21","21"
"32","32"
"40","40"
"26","26"
"30","30"
"28","28"
"4","4"
"4","4"
"20","20"
"4","4"
"1","1"
"19","19"
"30","30"
"27","27"
"22","22"
"29","29"
"24","24"
"9","9"
"9","9"
"15","15"
"9","9"
"14","14"
"17","17"
"36","36"
"11","11"
"9","9"
"23","23"
"2","2"
"1","1"
"6","6"
"24","24"
"10","10"
"20","20"
"11","11"
"12","12"
"5","5"
"14","14"
"1","1"
"27","27"
"9","9"
"15","15"
"25","25"
"24","24"
"13","13"
"12","12"
"22","22"
"26","26"
"22","22"
"36","36"
"8","8"
"27","27"
"21","21"
"11","11"
"30","30"
"16","16"
"6","6"
"25","25"
"16","16"
"2","2"
"26","26"
"11","11"
"3","3"
"18","18"
"28","28"
"21","21"
"3","3"
"20","20"
"17","17"
"25","25"
"31","31"
"13","13"
"4","4"
"13","13"
"33","33"
"25","25"
"22","22"
"23","23"
"12","12"
"20","20"
"23","23"
"39","39"
"19","19"
"1","1"
"25","25"
"15","15"
"24","24"
"13","13"
"6","6"
"13","13"
"26","26"
"10","10"
"21","21"
"13","13"
"32","32"
"1","1"
"31","31"
"6","6"
"16","16"
"31","31"
"4","4"
"34","34"
"21","21"
"16","16"
"36","36"
"12","12"
"33","33"
"27","27"
"3","3"
"37","37"
"31","31"
"23","23"
"20","20"
"26","26"
"11","11"
"20","20"
"5","5"
"6","6"
"2","2"
"5","5"
"2","2"
"2","2"
"22","22"
"22","22"
"23","23"
"26","26"
"7","7"
"7","7"
"5","5"
"20","20"
"32","32"
"16","16"
"8","8"
"19","19"
"9","9"
"30","30"
"6","6"
"15","15"
"2","2"
"27","27"
"16","16"
"14","14"
"22","22"
"2","2"
"9","9"
"15","15"
"4","4"
"8","8"
"1","1"
"11","11"
"27","27"
"20","20"
"15","15"
"17","17"
"26","26"
"3","3"
"2","2"
"8","8"
"2","2"
"11","11"
"3","3"
"15","15"
"22","22"
"23","23"
"19","19"
"14","14"
"12","12"
"21","21"
"12","12"
"14","14"
"21","21"
"3","3"
"15","15"
"19","19"
"13","13"
"14","14"
"16","16"
"1","1"
"6","6"
"1","1"
"3","3"
"24","24"
"1","1"
"19","19"
"17","17"
"9","9"
"4","4"
"26","26"
"9","9"
"8","8"
"5","5"
"12","12"
"4","4"
"17","17"
"11","11"
"8","8"
"15","15"
"18","18"
"17","17"
"20","20"
"16","16"
"14","14"
"12","12"
"22","22"
"2","2"
"9","9"
"3","3"
"13","13"
"31","31"
"22","22"
"14","14"
"12","12"
"20","20"
"24","24"
"21","21"
"16","16"
"7","7"
"16","16"
"1","1"
"10","10"
"28","28"
"3","3"
"33","33"
"5","5"
"8","8"
"12","12"
"22","22"
"4","4"
"29","29"
"4","4"
"19","19"
"3","3"
"30","30"
"21","21"
"14","14"
"34","34"
"7","7"
"40","40"
"20","20"
"40","40"
"38","38"
"30","30"
"33","33"
"21","21"
"25","25"
"15","15"
"3","3"
"31","31"
"21","21"
"20","20"
"9","9"
"23","23"
"7","7"
"9","9"
"11","11"
"24","24"
"5","5"
"30","30"
"29","29"
"6","6"
"5","5"
"15","15"
"26","26"
"3","3"
"43","43"
"22","22"
"9","9"
"1","1"
"3","3"
"22","22"
"2","2"
"14","14"
"38","38"
"9","9"
"2","2"
"24","24"
"4","4"
"28","28"
"32","32"
"13","13"
"21","21"
"1","1"
"21","21"
"37","37"
"3","3"
"8","8"
"36","36"
"17","17"
"11","11"
"2","2"
"22","22"
"15","15"
"32","32"
"27","27"
"4","4"
"29","29"
"21","21"
"20","20"
"8","8"
"21","21"
"21","21"
"26","26"
"4","4"
"34","34"
"18","18"
"4","4"
"11","11"
"16","16"
"17","17"
"37","37"
"19","19"
"2","2"
"17","17"
"17","17"
"15","15"
"27","27"
"15","15"
"1","1"
"17","17"
"30","30"
"6","6"
"18","18"
"11","11"
"20","20"
"33","33"
"38","38"
"18","18"
"28","28"
"23","23"
"28","28"
"12","12"
"6","6"
"18","18"
"16","16"
"22","22"
"12","12"
"15","15"
"30","30"
"8","8"
"22","22"
"17","17"
"34","34"
"31","31"
"12","12"
"15","15"
"20","20"
"19","19"
"1","1"
"14","14"
"18","18"
"20","20"
"11","11"
"21","21"
"11","11"
"27","27"
"34","34"
"10","10"
"34","34"
"23","23"
"26","26"
"32","32"
"6","6"
"14","14"
"1","1"
"11","11"
"8","8"
"23","23"
"2","2"
"1","1"
"36","36"
"16","16"
"10","10"
"28","28"
"27","27"
"11","11"
"20","20"
"17","17"
"19","19"
"21","21"
"31","31"
"4","4"
"12","12"
"8","8"
"15","15"
"5","5"
"22","22"
"30","30"
"28","28"
"35","35"
"35","35"
"9","9"
"3","3"
"7","7"
"20","20"
"22","22"
"24","24"
"12","12"
"25","25"
"18","18"
"27","27"
"35","35"
"29","29"
"24","24"
"31","31"
"23","23"
"29","29"
"26","26"
"27","27"
"24","24"
"3","3"
"21","21"
"5","5"
"7","7"
"22","22"
"21","21"
"14","14"
"1","1"
"19","19"
"22","22"
"22","22"
"19","19"
"12","12"
"2","2"
"17","17"
"37","37"
"8","8"
"6","6"
"15","15"
"6","6"
"34","34"
"48","48"
"25","25"
"37","37"
"16","16"
"35","35"
"4","4"
"6","6"
"15","15"
"23","23"
"28","28"
"13","13"
"2","2"
"10","10"
"32","32"
"7","7"
"12","12"
"24","24"
"24","24"
"32","32"
"14","14"
"36","36"
"1","1"
"19","19"
"30","30"
"23","23"
"16","16"
"23","23"
"15","15"
"9","9"
"21","21"
"18","18"
"30","30"
"40","40"
"11","11"
"17","17"
"12","12"
"17","17"
"23","23"
"9","9"
"29","29"
"18","18"
"5","5"
"22","22"
"10","10"
"32","32"
"19","19"
"13","13"
"9","9"
"8","8"
"25","25"
"8","8"
"32","32"
"16","16"
"30","30"
"24","24"
"28","28"
"4","4"
"15","15"
"33","33"
"27","27"
"1","1"
"9","9"
"29","29"
"24","24"
"37","37"
"30","30"
"5","5"
"24","24"
"37","37"
"19","19"
"36","36"
"10","10"
"10","10"
"25","25"
"20","20"
"14","14"
"10","10"
"16","16"
"23","23"
"21","21"
"14","14"
"17","17"
"42","42"
"20","20"
"18","18"
"30","30"
"24","24"
"22","22"
"4","4"
"37","37"
"31","31"
"4","4"
"30","30"
"8","8"
"21","21"
"34","34"
"14","14"
"24","24"
"25","25"
"5","5"
"17","17"
"24","24"
"30","30"
"8","8"
"23","23"
"1","1"
"21","21"
"11","11"
"20","20"
"33","33"
"2","2"
"30","30"
"9","9"
"25","25"
"12","12"
"28","28"
"9","9"
"32","32"
"11","11"
"13","13"
"15","15"
"6","6"
"9","9"
"26","26"
"16","16"
"28","28"
"31","31"
"21","21"
"8","8"
"36","36"
"13","13"
"29","29"
"35","35"
"10","10"
"31","31"
"13","13"
"3","3"
"26","26"
"16","16"
"26","26"
"25","25"
"16","16"
"25","25"
"7","7"
"5","5"
"1","1"
"25","25"
"26","26"
"3","3"
"27","27"
"17","17"
"4","4"
"5","5"
"15","15"
"4","4"
"20","20"
"3","3"
"2","2"
"26","26"
"30","30"
"19","19"
"28","28"
"12","12"
"19","19"
"35","35"
"4","4"
"33","33"
"27","27"
"8","8"
"30","30"
"5","5"
"11","11"
"18","18"
"8","8"
"17","17"
"20","20"
"1","1"
"2","2"
"1","1"
"1","1"
"10","10"
"17","17"
"16","16"
"12","12"
"20","20"
"28","28"
"20","20"
"26","26"
"12","12"
"10","10"
"38","38"
"5","5"
"25","25"
"7","7"
"3","3"
"3","3"
"41","41"
"20","20"
"16","16"
"32","32"
"5","5"
"17","17"
"40","40"
"3","3"
"6","6"
"12","12"
"6","6"
"9","9"
"2","2"
"27","27"
"8","8"
"14","14"
"5","5"
"2","2"
"6","6"
"19","19"
"27","27"
"32","32"
"20","20"
"37","37"
"32","32"
"9","9"
"23","23"
"15","15"
"29","29"
"5","5"
"21","21"
"23","23"
"16","16"
"14","14"
"2","2"
"24","24"
"14","14"
"20","20"
"13","13"
"2","2"
"28","28"
"4","4"
"37","37"
"29","29"
"20","20"
"34","34"
"21","21"
"17","17"
"3","3"
"23","23"
"26","26"
"3","3"
"38","38"
"13","13"
"39","39"
"35","35"
"9","9"
"30","30"
"33","33"
"8","8"
"24","24"
"14","14"
"7","7"
"20","20"
"13","13"
"36","36"
"38","38"
"24","24"
"12","12"
"33","33"
"11","11"
"19","19"
"14","14"
"40","40"
"28","28"
"31","31"
"1","1"
"5","5"
"18","18"
"19","19"
"25","25"
"11","11"
"25","25"
"22","22"
"47","47"
"13","13"
"11","11"
"27","27"
"14","14"
"19","19"
"40","40"
"7","7"
"5","5"
"57","57"
"12","12"
"41","41"
"12","12"
"16","16"
"16","16"
"28","28"
"15","15"
"4","4"
"30","30"
"15","15"
"7","7"
"3","3"
"29","29"
"18","18"
"19","19"
"14","14"
"43","43"
"32","32"
"18","18"
"27","27"
"37","37"
"48","48"
"51","51"
"23","23"
"8","8"
"18","18"
"8","8"
"37","37"
"7","7"
"35","35"
"6","6"
"24","24"
"12","12"
"57","57"
"11","11"
"57","57"
"31","31"
"34","34"
"39","39"
"33","33"
"3","3"
"43","43"
"43","43"
"13","13"
"31","31"
"10","10"
"15","15"
"43","43"
"49","49"
"12","12"
"6","6"
"5","5"
"3","3"
"41","41"
"7","7"
"9","9"
"29","29"
"32","32"
"13","13"
"15","15"
"2","2"
"15","15"
"25","25"
"4","4"
"33","33"
"46","46"
"5","5"
"16","16"
"11","11"
"25","25"
"15","15"
"54","54"
"18","18"
"52","52"
"6","6"
"24","24"
"4","4"
"19","19"
"61","61"
"18","18"
"43","43"
"7","7"
"20","20"
"12","12"
"14","14"
"1","1"
"22","22"
"60","60"
"41","41"
"22","22"
"45","45"
"44","44"
"30","30"
"1","1"
"5","5"
"17","17"
"4","4"
"56","56"
"33","33"
"6","6"
"7","7"
"20","20"
"21","21"
"4","4"
"26","26"
"50","50"
"24","24"
"44","44"
"17","17"
"14","14"
"24","24"
"19","19"
"20","20"
"17","17"
"31","31"
"2","2"
"28","28"
"25","25"
"41","41"
"44","44"
"28","28"
"18","18"
"28","28"
"32","32"
"13","13"
"4","4"
"27","27"
"12","12"
"20","20"
"38","38"
"32","32"
"56","56"
"29","29"
"34","34"
"59","59"
"26","26"
"41","41"
"48","48"
"9","9"
"9","9"
"22","22"
"5","6"
"33","33"
"21","21"
"27","27"
"2","1"
"6","6"
"20","20"
"32","32"
"20","20"
"48","48"
"1","1"
"25","25"
"5","5"
"17","17"
"23","23"
"47","47"
"32","32"
"16","16"
"13","13"
"4","4"
"6","6"
"18","18"
"2","2"
"48","48"
"42","42"
"21","21"
"59","59"
"22","22"
"27","27"
"34","34"
"30","30"
"54","54"
"52","52"
"12","12"
"11","11"
"42","42"
"8","8"
"20","20"
"39","39"
"13","13"
"45","45"
"44","44"
"31","31"
"38","38"
"6","6"
"42","42"
"40","40"
"62","62"
"53","53"
"35","35"
"40","40"
"17","17"
"42","42"
"45","45"
"15","15"
"25","25"
"49","49"
"3","3"
"4","4"
"27","27"
"17","17"
"21","21"
"43","43"
"12","12"
"20","20"
"14","14"
"15","15"
"18","18"
"19","19"
"31","31"
"12","12"
"17","17"
"3","3"
"8","8"
"1","1"
"17","17"
"22","22"
"21","21"
"18","18"
"13","13"
"44","44"
"1","1"
"18","18"
"4","4"
"29","29"
"17","17"
"10","10"
"15","15"
"35","35"
"39","39"
"41","41"
"18","18"
"9","9"
"24","24"
"14","14"
"7","7"
"1","1"
"33","33"
"11","11"
"32","32"
"33","33"
"48","48"
"32","32"
"13","13"
"4","4"
"1","1"
"41","41"
"23","23"
"6","6"
"19","19"
"5","5"
"4","4"
"12","12"
"13","13"
"51","51"
"5","5"
"22","22"
"20","20"
"30","30"
"4","4"
"3","3"
"24","24"
"11","11"
"2","2"
"28","28"
"31","31"
"36","36"
"33","33"
"20","20"
"26","26"
"39","39"
"24","24"
"8","8"
"29","29"
"15","15"
"13","13"
"17","17"
"29","29"
"18","18"
"30","30"
"34","34"
"21","21"
"11","11"
"25","25"
"34","34"
"5","5"
"38","38"
"10","10"
"20","20"
"42","42"
"30","30"
"31","31"
"28","28"
"2","2"
"19","19"
"25","25"
"5","5"
"27","27"
"29","29"
"8","8"
"2","2"
"33","33"
"6","6"
"15","15"
"4","4"
"38","38"
"22","22"
"11","11"
"30","30"
"40","40"
"9","9"
"44","44"
"12","12"
"41","41"
"26","26"
"4","4"
"12","12"
"21","21"
"31","31"
"15","15"
"43","43"
"19","19"
"23","23"
"24","24"
"16","16"
"37","37"
"11","11"
"6","6"
"34","34"
"12","12"
"2","2"
"10","10"
"22","22"
"13","13"
"10","10"
"5","5"
"14","14"
"13","13"
"16","16"
"26","26"
"35","35"
"26","26"
"6","6"
"22","22"
"26","26"
"40","40"
"1","1"
"38","38"
"34","34"
"37","37"
"45","45"
"16","16"
"29","29"
"17","17"
"45","45"
"32","32"
"15","15"
"36","36"
"14","14"
"27","27"
"19","19"
"6","6"
"6","6"
"17","17"
"1","1"
"1","1"
"46","46"
"20","20"
"10","10"
"36","36"
"31","31"
"8","8"
"22","22"
"29","29"
"23","23"
"23","23"
"15","15"
"11","11"
"44","44"
"10","10"
"23","23"
"14","14"
"22","22"
"5","5"
"22","22"
"3","3"
"14","14"
"2","2"
"23","23"
"39","39"
"13","13"
"38","38"
"1","1"
"27","27"
"16","16"
"24","24"
"6","6"
"12","12"
"17","17"
"34","34"
"26","26"
"1","1"
"25","25"
"39","39"
"35","35"
"20","20"
"39","39"
"9","9"
"38","38"
"19","19"
"17","17"
"16","16"
"34","34"
"1","1"
"14","14"
"39","39"
"15","15"
"15","15"
"34","34"
"30","30"
"30","30"
"12","12"
"8","8"
"23","23"
"29","29"
"11","11"
"41","41"
"2","2"
"6","6"
"13","13"
"10","10"
"4","4"
"7","7"
"14","14"
"21","21"
"7","7"
"1","2"
"25","25"
"2","2"
"32","32"
"30","30"
"24","24"
"22","22"
"20","20"
"9","9"
"30","30"
"19","19"
"8","8"
"30","30"
"21","21"
"14","14"
"5","5"
"18","18"
"14","14"
"7","7"
"9","9"
"14","14"
"33","33"
"27","27"
"2","2"
"12","12"
"15","15"
"28","28"
"12","12"
"12","12"
"28","28"
"34","34"
"27","27"
"22","22"
"10","10"
"9","9"
"31","31"
"8","8"
"40","40"
"10","10"
"4","3"
"26","26"
"37","37"
"17","17"
"9","9"
"19","19"
"34","34"
"31","31"
"11","11"
"15","15"
"42","42"
"39","39"
"13","13"
"5","5"
"15","15"
"29","29"
"11","11"
"13","13"
"17","17"
"14","14"
"22","22"
"13","13"
"36","36"
"27","27"
"37","37"
"24","24"
"27","27"
"28","28"
"49","49"
"46","46"
"26","26"
"17","17"
"16","16"
"46","46"
"23","23"
"19","19"
"8","8"
"13","13"
"9","9"
"50","50"
"40","40"
"23","23"
"27","27"
"16","16"
"8","8"
"1","1"
"7","7"
"40","40"
"18","18"
"25","25"
"32","32"
"25","25"
"38","38"
"26","26"
"31","31"
"7","7"
"33","33"
"32","32"
"34","34"
"37","37"
"7","7"
"41","41"
"45","45"
"11","11"
"16","16"
"42","42"
"43","43"
"15","15"
"5","5"
"24","24"
"20","20"
"23","23"
"28","28"
"6","6"
"19","19"
"28","28"
"44","44"
"7","7"
"1","1"
"21","21"
"25","25"
"16","16"
"5","5"
"26","26"
"36","36"
"27","27"
"9","9"
"20","20"
"37","37"
"8","8"
"19","19"
"33","33"
"44","44"
"10","10"
"13","13"
"3","3"
"29","29"
"38","38"
"27","27"
"13","13"
"32","32"
"32","32"
"3","3"
"30","30"
"4","4"
"19","19"
"41","41"
"12","12"
"31","31"
"41","41"
"7","7"
"10","10"
"7","7"
"2","2"
"49","49"
"9","9"
"2","2"
"32","32"
"23","23"
"40","40"
"12","12"
"2","2"
"28","28"
"19","19"
"12","12"
"50","50"
"7","7"
"3","3"
"2","2"
"27","27"
"7","7"
"9","9"
"6","6"
"16","16"
"23","23"
"49","49"
"20","20"
"32","32"
"12","12"
"35","35"
"17","17"
"10","10"
"26","26"
"38","38"
"9","9"
"37","37"
"1","1"
"2","2"
"22","22"
"17","17"
"42","42"
"46","46"
"10","10"
"26","26"
"8","8"
"31","31"
"10","10"
"52","52"
"27","27"
"26","26"
"2","1"
"13","13"
"47","47"
"42","42"
"46","46"
"9","9"
"8","8"
"1","2"
"31","31"
"35","35"
"24","24"
"32","32"
"43","43"
"53","53"
"51","51"
"15","15"
"9","9"
"34","34"
"54","54"
"32","32"
"19","19"
"7","7"
"37","37"
"6","6"
"20","20"
"17","17"
"33","33"
"23","23"
"41","41"
"9","9"
"16","16"
"42","42"
"36","36"
"16","16"
"37","37"
"41","41"
"50","50"
"6","6"
"27","27"
"32","32"
"4","4"
"10","10"
"8","8"
"8","8"
"45","45"
"43","43"
"27","27"
"47","47"
"47","47"
"31","31"
"45","45"
"17","17"
"53","53"
"52","52"
"24","24"
"28","28"
"42","42"
"35","35"
"29","29"
"38","38"
"15","15"
"24","24"
"29","29"
"16","16"
"13","13"
"19","19"
"40","40"
"26","26"
"35","35"
"12","12"
"34","34"
"31","31"
"24","24"
"39","39"
"34","34"
"14","14"
"36","36"
"14","14"
"14","14"
"11","11"
"6","6"
"46","46"
"51","51"
"28","28"
"5","5"
"51","51"
"13","13"
"46","46"
"48","48"
"58","58"
"9","9"
"48","48"
"48","48"
"12","12"
"56","56"
"2","2"
"3","3"
"21","21"
"20","20"
"4","4"
"4","4"
"23","23"
"23","23"
"20","20"
"15","15"
"34","34"
"11","11"
"27","27"
"26","26"
"17","17"
"46","46"
"45","45"
"5","5"
"14","14"
"3","3"
"30","30"
"23","23"
"39","39"
"48","48"
"31","31"
"7","7"
"47","47"
"10","10"
"11","11"
"25","25"
"19","19"
"25","25"
"8","8"
"24","24"
"13","13"
"28","28"
"30","30"
"55","55"
"21","21"
"35","35"
"60","60"
"28","28"
"31","31"
"33","33"
"44","44"
"14","14"
"46","46"
"29","29"
"19","19"
"8","8"
"16","16"
"15","15"
"19","19"
"20","20"
"50","50"
"12","12"
"35","35"
"43","43"
"19","19"
"33","33"
"28","28"
"7","7"
"11","11"
"5","5"
"17","17"
"40","40"
"53","53"
"12","12"
"34","34"
"20","20"
"23","23"
"33","33"
"27","27"
"42","42"
"47","47"
"35","35"
"38","38"
"5","5"
"5","5"
"4","4"
"34","34"
"16","16"
"11","11"
"17","17"
"43","43"
"25","25"
"12","12"
"2","2"
"31","31"
"4","4"
"24","24"
"22","22"
"23","23"
"22","22"
"33","33"
"10","10"
"13","13"
"14","14"
"34","34"
"10","10"
"17","17"
"26","26"
"20","20"
"23","23"
"17","17"
"11","11"
"4","4"
"26","26"
"17","17"
"8","8"
"5","5"
"14","14"
"2","3"
"35","35"
"1","1"
"4","4"
"2","2"
"17","17"
"4","4"
"9","9"
"4","4"
"24","24"
"26","26"
"29","29"
"25","25"
"6","6"
"15","15"
"30","30"
"20","20"
"15","15"
"9","9"
"19","19"
"6","6"
"21","21"
"23","23"
"30","30"
"21","21"
"16","16"
"25","25"
"29","29"
"43","43"
"26","26"
"40","40"
"32","32"
"2","2"
"25","25"
"4","4"
"20","20"
"31","31"
"18","18"
"36","36"
"12","12"
"4","4"
"41","41"
"29","29"
"25","25"
"3","3"
"1","1"
"3","3"
"2","2"
"20","20"
"31","31"
"43","43"
"1","1"
"14","14"
"19","19"
"26","26"
"12","12"
"14","14"
"2","2"
"26","26"
"12","12"
"2","2"
"10","10"
"44","44"
"6","6"
"24","24"
"29","29"
"38","38"
"14","14"
"32","32"
"3","3"
"25","25"
"16","16"
"33","33"
"9","9"
"17","17"
"36","36"
"13","13"
"30","30"
"14","14"
"11","11"
"11","11"
"23","23"
"13","13"
"42","42"
"28","28"
"12","12"
"13","13"
"27","27"
"12","12"
"6","6"
"27","27"
"19","19"
"30","30"
"22","22"
"32","32"
"19","19"
"20","20"
"2","2"
"22","22"
"17","17"
"31","31"
"13","13"
"18","18"
"3","3"
"20","20"
"29","29"
"27","27"
"13","13"
"31","31"
"15","15"
"26","26"
"20","20"
"22","22"
"1","1"
"15","15"
"42","42"
"37","37"
"22","22"
"13","13"
"10","10"
"38","38"
"3","3"
"16","16"
"4","4"
"5","5"
"8","8"
"18","18"
"9","9"
"14","14"
"27","27"
"15","15"
"27","27"
"36","36"
"36","36"
"5","5"
"29","29"
"3","3"
"41","41"
"13","13"
"1","1"
"32","32"
"19","19"
"21","21"
"28","28"
"22","22"
"25","25"
"8","8"
"22","22"
"13","13"
"23","23"
"13","13"
"14","14"
"12","12"
"11","11"
"28","28"
"16","16"
"2","2"
"16","16"
"7","7"
"26","26"
"11","11"
"26","26"
"19","19"
"28","28"
"20","20"
"6","6"
"4","4"
"10","10"
"3","3"
"1","1"
"9","9"
"14","14"
"1","1"
"22","22"
"21","21"
"4","4"
"5","5"
"30","30"
"19","19"
"1","1"
"26","26"
"15","15"
"24","24"
"15","15"
"8","8"
"22","22"
"7","7"
"13","13"
"19","19"
"3","3"
"3","3"
"10","10"
"7","7"
"2","2"
"26","26"
"24","24"
"5","5"
"15","15"
"21","21"
"9","9"
"24","24"
"7","7"
"11","11"
"24","24"
"2","2"
"19","19"
"13","13"
"25","25"
"12","12"
"29","29"
"23","23"
"32","32"
"8","8"
"4","4"
"8","8"
"1","1"
"8","8"
"32","32"
"23","23"
"4","4"
"10","10"
"9","9"
"17","17"
"12","12"
"8","8"
"16","16"
"3","3"
"18","18"
"23","23"
"4","4"
"2","2"
"24","24"
"27","27"
"36","36"
"27","27"
"24","24"
"11","11"
"14","14"
"25","25"
"30","30"
"28","28"
"25","25"
"22","22"
"11","11"
"21","21"
"15","15"
"8","8"
"26","26"
"17","17"
"1","1"
"7","7"
"10","10"
"20","20"
"17","17"
"19","19"
"12","12"
"24","24"
"24","24"
"22","22"
"25","25"
"1","1"
"9","9"
"22","22"
"25","25"
"34","34"
"29","29"
"5","5"
"23","23"
"19","19"
"6","6"
"15","15"
"28","28"
"28","28"
"27","27"
"4","4"
"34","34"
"18","18"
"2","2"
"6","6"
"7","7"
"8","8"
"7","7"
"20","20"
"24","24"
"29","29"
"6","6"
"21","21"
"18","18"
"2","2"
"8","8"
"34","34"
"16","16"
"22","22"
"21","21"
"1","1"
"24","24"
"9","9"
"35","35"
"28","28"
"3","3"
"10","10"
"24","24"
"28","28"
"9","9"
"29","29"
"15","15"
"19","19"
"14","14"
"13","13"
"27","27"
"8","8"
"26","26"
"14","14"
"8","8"
"9","9"
"22","22"
"10","10"
"15","15"
"13","13"
"6","6"
"38","38"
"14","14"
"14","14"
"11","11"
"18","18"
"31","31"
"13","13"
"26","26"
"24","24"
"3","3"
"17","17"
"16","16"
"25","25"
"29","29"
"2","2"
"3","3"
"22","22"
"24","24"
"16","16"
"23","23"
"15","15"
"10","10"
"17","17"
"29","29"
"5","5"
"11","11"
"14","14"
"8","8"
"1","1"
"13","13"
"3","3"
"28","28"
"12","12"
"9","9"
"26","26"
"31","31"
"7","7"
"8","8"
"15","15"
"14","14"
"11","11"
"18","18"
"35","35"
"23","23"
"24","24"
"7","7"
"20","20"
"2","2"
"11","11"
"30","30"
"10","10"
"19","19"
"39","39"
"23","23"
"18","18"
"2","1"
"40","40"
"30","30"
"23","23"
"9","9"
"25","25"
"7","7"
"21","21"
"13","13"
"23","23"
"27","27"
"31","31"
"31","31"
"21","21"
"34","34"
"17","17"
"1","1"
"23","23"
"17","17"
"12","12"
"19","19"
"18","18"
"20","20"
"18","18"
"17","17"
"31","31"
"16","16"
"25","25"
"6","6"
"25","25"
"34","34"
"26","26"
"25","25"
"1","1"
"27","27"
"4","4"
"35","35"
"26","26"
"36","36"
"30","30"
"19","19"
"24","24"
"14","14"
"2","2"
"22","22"
"2","2"
"11","11"
"18","18"
"28","28"
"13","13"
"20","20"
"39","39"
"5","5"
"35","35"
"28","28"
"5","5"
"5","5"
"5","5"
"3","3"
"26","26"
"33","33"
"28","28"
"1","1"
"10","10"
"13","13"
"4","4"
"19","19"
"29","29"
"16","16"
"8","8"
"19","19"
"22","22"
"5","5"
"26","26"
"14","14"
"2","2"
"18","18"
"18","18"
"12","12"
"21","21"
"27","27"
"15","15"
"28","28"
"26","26"
"6","6"
"24","24"
"29","29"
"21","21"
"36","36"
"16","16"
"8","8"
"6","6"
"10","10"
"31","31"
"9","9"
"13","13"
"13","13"
"30","30"
"9","9"
"37","37"
"34","34"
"1","1"
"5","5"
"19","19"
"17","17"
"18","18"
"38","38"
"34","34"
"31","31"
"11","11"
"31","31"
"4","4"
"13","13"
"33","33"
"1","1"
"21","21"
"36","36"
"17","17"
"28","28"
"7","7"
"22","22"
"19","19"
"20","20"
"28","28"
"13","13"
"14","14"
"35","35"
"28","28"
"23","23"
"17","17"
"7","7"
"23","23"
"10","10"
"24","24"
"20","20"
"3","3"
"32","32"
"5","5"
"23","23"
"15","15"
"9","9"
"29","29"
"31","31"
"10","10"
"31","31"
"34","34"
"20","20"
"28","28"
"1","1"
"3","3"
"34","34"
"8","8"
"14","14"
"34","34"
"21","21"
"29","29"
"35","35"
"24","24"
"18","18"
"29","29"
"26","26"
"12","12"
"28","28"
"37","37"
"28","28"
"15","15"
"14","14"
"3","3"
"15","15"
"35","35"
"27","27"
"11","11"
"4","4"
"36","36"
"38","38"
"1","1"
"6","6"
"38","38"
"26","26"
"8","8"
"12","12"
"35","35"
"12","12"
"15","15"
"7","7"
"24","24"
"31","31"
"25","25"
"27","27"
"22","22"
"28","28"
"8","8"
"4","4"
"26","26"
"7","7"
"7","7"
"29","29"
"2","2"
"30","30"
"37","37"
"10","10"
"26","26"
"5","5"
"14","14"
"16","16"
"4","4"
"38","38"
"22","22"
"16","16"
"11","11"
"6","6"
"28","28"
"15","15"
"28","28"
"23","23"
"2","2"
"14","14"
"2","2"
"12","12"
"38","38"
"33","33"
"5","5"
"33","33"
"27","27"
"11","11"
"7","7"
"31","31"
"9","9"
"1","1"
"34","34"
"14","14"
"3","3"
"24","24"
"11","11"
"22","22"
"33","33"
"18","18"
"15","15"
"13","13"
"8","8"
"35","35"
"19","19"
"27","27"
"40","40"
"1","1"
"12","12"
"29","29"
"28","28"
"2","2"
"6","6"
"12","12"
"7","7"
"9","9"
"1","1"
"14","14"
"19","19"
"35","35"
"28","28"
"20","20"
"30","30"
"9","9"
"7","7"
"19","19"
"26","26"
"16","16"
"31","31"
"9","9"
"6","6"
"27","27"
"13","13"
"34","34"
"31","31"
"19","19"
"16","16"
"6","6"
"4","4"
"30","30"
"31","31"
"24","24"
"1","1"
"32","32"
"12","12"
"18","18"
"30","30"
"10","10"
"12","12"
"15","15"
"14","14"
"5","5"
"3","3"
"31","31"
"34","34"
"27","27"
"12","12"
"38","38"
"7","7"
"25","25"
"35","35"
"3","3"
"35","35"
"28","28"
"26","26"
"26","26"
"7","7"
"38","38"
"21","21"
"15","15"
"15","15"
"2","2"
"2","2"
"22","22"
"23","23"
"18","18"
"22","22"
"32","32"
"9","9"
"15","15"
"34","34"
"28","28"
"37","37"
"17","17"
"4","4"
"23","23"
"7","7"
"24","24"
"10","10"
"7","8"
"30","30"
"25","25"
"24","24"
"22","22"
"19","19"
"21","21"
"28","28"
"24","24"
"25","25"
"14","14"
"27","27"
"24","24"
"26","26"
"18","18"
"1","1"
"17","17"
"37","37"
"35","35"
"13","13"
"5","5"
"23","23"
"20","20"
"4","4"
"30","30"
"15","15"
"12","12"
"19","19"
"17","17"
"6","6"
"2","2"
"15","15"
"38","38"
"24","24"
"18","18"
"19","19"
"16","16"
"12","12"
"12","12"
"24","24"
"25","25"
"11","11"
"28","28"
"7","7"
"39","39"
"9","9"
"23","23"
"3","3"
"20","20"
"35","35"
"29","29"
"3","3"
"23","23"
"16","16"
"37","37"
"32","32"
"17","17"
"17","17"
"26","26"
"34","34"
"8","8"
"9","9"
"25","25"
"4","4"
"34","34"
"10","10"
"2","2"
"24","24"
"33","33"
"33","33"
"34","34"
"8","8"
"6","6"
"30","30"
"1","1"
"31","31"
"25","25"
"1","1"
"2","2"
"29","29"
"8","8"
"20","20"
"10","10"
"16","16"
"20","20"
"3","3"
"24","24"
"13","13"
"9","9"
"27","27"
"22","22"
"28","28"
"11","11"
"11","11"
"23","23"
"1","1"
"7","7"
"3","3"
"29","29"
"25","25"
"6","6"
"2","2"
"5","5"
"34","34"
"14","14"
"11","11"
"31","31"
"16","16"
"31","31"
"13","13"
"25","25"
"20","20"
"6","6"
"21","21"
"4","4"
"28","28"
"23","23"
"21","21"
"25","25"
"4","4"
"12","12"
"9","9"
"25","25"
"16","16"
"16","16"
"19","19"
"5","5"
"10","10"
"1","1"
"12","12"
"26","26"
"9","9"
"3","3"
"28","28"
"23","23"
"19","19"
"16","16"
"4","4"
"32","32"
"7","7"
"28","28"
"27","27"
"16","16"
"17","17"
"27","27"
"24","24"
"8","8"
"33","33"
"28","28"
"33","33"
"22","22"
"5","5"
"29","29"
"13","13"
"11","11"
"21","21"
"29","29"
"35","35"
"13","13"
"2","2"
"19","19"
"19","19"
"6","6"
"24","24"
"14","14"
"12","12"
"28","28"
"18","18"
"11","11"
"18","18"
"16","16"
"26","26"
"17","17"
"3","2"
"22","22"
"1","1"
"5","5"
"32","32"
"30","30"
"7","7"
"26","26"
"7","7"
"20","20"
"28","28"
"34","34"
"13","13"
"15","15"
"30","30"
"14","14"
"16","16"
"14","14"
"26","26"
"21","21"
"27","27"
"22","22"
"10","10"
"32","32"
"3","3"
"20","20"
"5","5"
"24","24"
"3","3"
"19","19"
"2","2"
"5","5"
"13","13"
"16","16"
"12","12"
"8","8"
"3","3"
"2","2"
"14","14"
"19","19"
"23","23"
"4","4"
"19","19"
"13","13"
"11","11"
"23","23"
"9","9"
"30","30"
"18","18"
"12","12"
"9","9"
"23","23"
"4","4"
"21","21"
"11","11"
"2","2"
"25","25"
"15","15"
"12","12"
"22","22"
"12","12"
"31","31"
"26","26"
"5","5"
"28","28"
"12","12"
"1","1"
"11","11"
"25","25"
"16","16"
"11","11"
"19","19"
"17","17"
"3","3"
"11","11"
"15","15"
"27","27"
"22","22"
"5","5"
"15","15"
"11","11"
"1","2"
"9","9"
"27","27"
"18","18"
"22","22"
"31","31"
"14","14"
"21","21"
"15","15"
"14","14"
"27","27"
"19","19"
"16","16"
"23","23"
"3","3"
"7","7"
"16","16"
"6","6"
"18","18"
"5","5"
"11","11"
"8","8"
"26","26"
"14","14"
"24","24"
"21","21"
"27","27"
"19","19"
"3","3"
"1","1"
"14","14"
"1","1"
"14","14"
"3","3"
"8","8"
"17","17"
"13","13"
"1","1"
"17","17"
"16","16"
"17","17"
"4","4"
"11","11"
"9","9"
"17","17"
"10","10"
"3","3"
"10","10"
"4","4"
"3","3"
"15","15"
"12","12"
"5","5"
"19","19"
"13","13"
"19","19"
"9","9"
"7","7"
"1","1"
"10","10"
"6","6"
"20","20"
"7","7"
"23","23"
"9","9"
"8","8"
"24","24"
"16","16"
"24","24"
"18","18"
"23","23"
"7","7"
"23","23"
"16","16"
"22","22"
"12","12"
"6","6"
"23","23"
"16","16"
"15","15"
"12","12"
"4","4"
"29","29"
"25","25"
"4","4"
"8","8"
"25","25"
"20","20"
"29","29"
"26","26"
"9","9"
"12","12"
"31","31"
"2","2"
"9","9"
"11","11"
"10","10"
"17","17"
"28","28"
"2","2"
"14","14"
"6","6"
"27","27"
"3","3"
"24","24"
"9","9"
"7","7"
"28","28"
"20","20"
"34","34"
"15","15"
"30","30"
"20","20"
"28","28"
"27","27"
"32","32"
"8","8"
"27","27"
"21","21"
"26","26"
"32","32"
"20","20"
"16","16"
"27","27"
"9","9"
"23","23"
"28","28"
"16","16"
"26","26"
"12","12"
"14","14"
"21","21"
"24","24"
"5","5"
"8","8"
"8","8"
"1","1"
"34","34"
"23","23"
"19","19"
"4","4"
"17","17"
"30","30"
"22","22"
"17","17"
"24","24"
"21","21"
"20","20"
"28","28"
"17","17"
"17","17"
"23","23"
"24","24"
"28","28"
"4","4"
"9","9"
"7","7"
"25","25"
"10","10"
"22","22"
"20","20"
"11","11"
"23","23"
"31","31"
"7","7"
"15","15"
"11","11"
"21","21"
"21","21"
"15","15"
"16","16"
"18","18"
"29","29"
"24","24"
"34","34"
"23","23"
"5","5"
"24","24"
"18","18"
"27","27"
"19","19"
"3","3"
"10","10"
"4","4"
"20","20"
"3","3"
"2","2"
"25","25"
"9","9"
"9","9"
"10","10"
"2","2"
"6","6"
"17","17"
"26","26"
"1","1"
"11","11"
"21","21"
"4","4"
"24","24"
"25","25"
"14","14"
"15","15"
"4","4"
"9","9"
"8","8"
"36","36"
"11","11"
"21","21"
"28","28"
"6","6"
"14","14"
"34","34"
"31","31"
"3","3"
"29","29"
"16","16"
"2","2"
"18","18"
"32","32"
"10","10"
"11","11"
"6","6"
"19","19"
"13","13"
"9","9"
"12","12"
"8","8"
"28","28"
"4","4"
"12","12"
"18","18"
"10","10"
"13","13"
"25","25"
"20","20"
"2","2"
"1","1"
"19","19"
"24","24"
"20","20"
"4","4"
"5","5"
"15","15"
"21","21"
"14","14"
"25","25"
"24","24"
"5","5"
"30","30"
"32","32"
"18","18"
"17","17"
"11","11"
"27","27"
"21","21"
"22","22"
"26","26"
"34","34"
"26","26"
"19","19"
"1","1"
"10","10"
"17","17"
"9","9"
"3","3"
"22","22"
"26","26"
"16","16"
"28","28"
"4","4"
"4","4"
"28","28"
"16","16"
"28","28"
"8","8"
"29","29"
"27","27"
"25","25"
"16","16"
"2","2"
"24","24"
"10","10"
"21","21"
"13","13"
"5","5"
"26","26"
"17","17"
"4","4"
"28","28"
"28","28"
"5","5"
"32","32"
"26","26"
"6","6"
"31","31"
"15","15"
"1","1"
"18","18"
"8","8"
"9","9"
"30","30"
"28","28"
"1","1"
"19","19"
"20","20"
"17","17"
"29","29"
"14","14"
"16","16"
"5","5"
"12","12"
"1","1"
"6","6"
"6","6"
"4","4"
"5","5"
"16","16"
"16","16"
"7","7"
"19","19"
"2","2"
"30","30"
"19","19"
"25","25"
"6","6"
"12","12"
"26","26"
"10","10"
"14","14"
"15","15"
"3","3"
"22","22"
"10","10"
"2","2"
"3","3"
"24","24"
"10","10"
"28","28"
"14","14"
"4","4"
"19","19"
"14","14"
"4","4"
"4","4"
"17","17"
"7","7"
"1","1"
"19","19"
"26","26"
"27","27"
"12","12"
"1","1"
"3","3"
"11","11"
"15","15"
"27","27"
"21","21"
"17","17"
"18","18"
"27","27"
"24","24"
"18","18"
"30","30"
"21","21"
"15","15"
"8","8"
"21","21"
"4","4"
"5","5"
"13","13"
"3","3"
"13","13"
"13","13"
"18","18"
"22","22"
"28","28"
"26","26"
"13","13"
"16","16"
"7","7"
"27","27"
"24","24"
"1","1"
"18","18"
"14","14"
"12","12"
"16","16"
"8","8"
"27","27"
"24","24"
"14","14"
"9","9"
"16","16"
"7","7"
"29","29"
"22","22"
"26","26"
"18","18"
"1","1"
"10","10"
"2","2"
"9","9"
"9","9"
"24","24"
"10","10"
"19","19"
"2","2"
"9","9"
"23","23"
"17","17"
"15","15"
"22","22"
"5","5"
"5","5"
"17","17"
"26","26"
"26","26"
"16","16"
"1","1"
"22","22"
"31","31"
"18","18"
"16","16"
"16","16"
"2","1"
"14","14"
"12","12"
"25","25"
"11","11"
"2","3"
"1","1"
"7","7"
"21","21"
"17","17"
"27","27"
"9","9"
"7","7"
"13","13"
"29","29"
"8","8"
"22","22"
"13","13"
"15","15"
"9","9"
"8","8"
"8","8"
"7","7"
"27","27"
"16","16"
"18","18"
"14","14"
"24","24"
"13","13"
"15","15"
"24","24"
"21","21"
"11","11"
"1","1"
"8","8"
"21","21"
"26","26"
"11","11"
"6","6"
"3","3"
"27","27"
"19","19"
"4","4"
"25","25"
"1","1"
"4","4"
"14","14"
"6","6"
"18","18"
"12","12"
"19","19"
"1","1"
"25","25"
"8","8"
"26","26"
"28","28"
"20","20"
"9","9"
"19","19"
"1","1"
"9","9"
"13","13"
"12","12"
"13","13"
"19","19"
"4","4"
"2","3"
"5","5"
"17","17"
"21","21"
"15","15"
"21","21"
"25","25"
"18","18"
"20","20"
"2","3"
"13","13"
"10","10"
"5","5"
"1","1"
"6","6"
"17","17"
"10","10"
"12","12"
"15","15"
"7","7"
"20","20"
"8","8"
"2","2"
"25","25"
"4","4"
"24","24"
"1","1"
"6","6"
"13","13"
"12","12"
"4","4"
"32","32"
"29","29"
"21","21"
"4","4"
"8","8"
"23","23"
"16","16"
"5","5"
"22","22"
"24","24"
"18","18"
"8","8"
"10","10"
"5","5"
"20","20"
"8","8"
"29","29"
"19","19"
"19","19"
"7","7"
"19","19"
"23","23"
"5","5"
"7","7"
"18","18"
"27","27"
"6","6"
"17","17"
"1","1"
"27","27"
"20","20"
"27","27"
"10","10"
"20","20"
"5","5"
"15","15"
"2","2"
"20","20"
"14","14"
"25","25"
"18","18"
"17","17"
"13","13"
"18","18"
"1","1"
"25","25"
"15","15"
"34","34"
"29","29"
"4","4"
"17","17"
"7","7"
"7","7"
"13","13"
"10","10"
"17","17"
"18","18"
"17","17"
"22","22"
"4","4"
"10","10"
"16","16"
"22","22"
"31","31"
"16","16"
"7","7"
"27","27"
"9","9"
"25","25"
"5","5"
"9","9"
"19","19"
"19","19"
"16","16"
"25","25"
"13","13"
"26","26"
"2","2"
"23","23"
"2","2"
"3","3"
"3","3"
"11","11"
"8","8"
"23","23"
"5","5"
"22","22"
"35","35"
"19","19"
"11","11"
"20","20"
"9","9"
"1","2"
"19","19"
"1","2"
"5","5"
"29","29"
"32","32"
"23","23"
"22","22"
"9","9"
"3","3"
"24","24"
"27","27"
"21","21"
"15","15"
"19","19"
"23","23"
"8","8"
"25","25"
"18","18"
"18","18"
"26","26"
"30","30"
"12","12"
"28","28"
"4","4"
"21","21"
"11","11"
"10","10"
"23","23"
"12","12"
"27","27"
"15","15"
"16","16"
"8","8"
"17","17"
"29","29"
"34","34"
"14","14"
"1","1"
"21","21"
"23","23"
"6","6"
"29","29"
"8","8"
"29","29"
"5","5"
"10","10"
"28","28"
"36","36"
"31","31"
"5","5"
"11","11"
"32","32"
"25","25"
"7","7"
"34","34"
"4","4"
"7","7"
"25","25"
"26","26"
"5","5"
"31","31"
"30","30"
"30","30"
"32","32"
"2","2"
"21","21"
"14","14"
"7","7"
"28","28"
"15","15"
"23","23"
"1","1"
"33","33"
"22","22"
"26","26"
"4","4"
"13","13"
"15","15"
"25","25"
"34","34"
"4","4"
"4","4"
"14","14"
"28","28"
"14","14"
"1","1"
"17","17"
"10","10"
"21","21"
"5","5"
"9","9"
"28","28"
"22","22"
"33","33"
"27","27"
"1","1"
"38","38"
"21","21"
"29","29"
"35","35"
"13","13"
"20","20"
"18","18"
"33","33"
"29","29"
"41","41"
"21","21"
"26","26"
"37","37"
"10","10"
"9","9"
"2","2"
"26","26"
"15","15"
"15","15"
"23","23"
"37","37"
"38","38"
"19","19"
"1","1"
"28","28"
"10","10"
"26","26"
"40","40"
"43","43"
"24","24"
"17","17"
"13","13"
"16","16"
"9","9"
"33","33"
"12","12"
"28","28"
"34","34"
"5","5"
"43","43"
"31","31"
"1","1"
"1","1"
"12","12"
"22","22"
"26","26"
"4","4"
"30","30"
"23","23"
"2","2"
"15","15"
"3","3"
"30","30"
"24","24"
"24","24"
"18","18"
"43","43"
"5","5"
"18","18"
"8","8"
"20","20"
"14","14"
"43","43"
"13","13"
"30","30"
"36","36"
"7","7"
"33","33"
"35","35"
"27","27"
"41","41"
"24","24"
"22","22"
"4","4"
"19","19"
"23","23"
"24","24"
"34","34"
"7","7"
"4","4"
"7","7"
"21","21"
"42","42"
"13","13"
"10","10"
"16","16"
"14","14"
"23","23"
"1","1"
"26","26"
"11","11"
"19","19"
"5","5"
"33","33"
"14","14"
"35","35"
"36","36"
"12","12"
"34","34"
"27","27"
"29","29"
"34","34"
"30","30"
"33","33"
"21","21"
"38","38"
"20","20"
"7","7"
"9","9"
"46","46"
"23","23"
"14","14"
"35","35"
"29","29"
"24","24"
"22","22"
"32","32"
"37","37"
"3","3"
"4","4"
"23","23"
"16","16"
"16","16"
"20","20"
"32","32"
"12","12"
"31","31"
"9","9"
"12","12"
"30","30"
"22","22"
"31","31"
"44","44"
"31","31"
"5","5"
"35","35"
"3","3"
"4","4"
"29","29"
"22","22"
"16","16"
"34","34"
"38","38"
"14","14"
"25","25"
"43","43"
"13","13"
"41","41"
"12","12"
"41","41"
"21","21"
"36","36"
"4","4"
"2","2"
"22","22"
"21","21"
"19","19"
"10","10"
"39","39"
"29","29"
"26","26"
"35","35"
"29","29"
"40","40"
"25","25"
"29","29"
"27","27"
"42","42"
"46","46"
"6","6"
"37","37"
"18","18"
"2","2"
"7","7"
"40","40"
"17","17"
"39","39"
"38","38"
"9","9"
"14","14"
"17","17"
"37","37"
"23","23"
"29","29"
"30","30"
"3","3"
"9","9"
"26","26"
"28","28"
"32","32"
"8","8"
"25","25"
"6","6"
"19","19"
"27","27"
"4","4"
"15","15"
"25","25"
"20","20"
"34","34"
"5","5"
"19","19"
"1","1"
"18","18"
"29","29"
"4","4"
"6","7"
"22","22"
"30","30"
"19","19"
"19","19"
"10","10"
"28","28"
"21","21"
"13","13"
"19","19"
"18","18"
"3","3"
"26","26"
"26","26"
"5","5"
"26","26"
"1","1"
"37","37"
"26","26"
"5","5"
"34","34"
"2","2"
"3","3"
"10","10"
"36","36"
"25","25"
"35","35"
"32","32"
"26","26"
"1","1"
"16","16"
"11","11"
"3","3"
"16","16"
"1","1"
"33","33"
"37","37"
"31","31"
"15","15"
"13","13"
"22","22"
"14","14"
"26","26"
"8","8"
"2","2"
"12","12"
"21","21"
"4","4"
"38","38"
"33","33"
"33","33"
"29","29"
"35","35"
"24","24"
"21","21"
"12","12"
"20","20"
"8","8"
"32","32"
"14","14"
"33","33"
"22","22"
"37","37"
"28","28"
"28","28"
"11","11"
"39","39"
"29","29"
"12","12"
"36","36"
"11","11"
"12","12"
"4","4"
"23","23"
"35","35"
"26","26"
"13","13"
"1","1"
"33","33"
"8","8"
"20","20"
"29","29"
"28","28"
"35","35"
"22","22"
"26","26"
"9","9"
"12","12"
"21","21"
"24","24"
"17","17"
"14","14"
"25","25"
"29","29"
"29","29"
"37","37"
"15","15"
"9","9"
"12","12"
"26","26"
"25","25"
"22","22"
"18","18"
"34","34"
"31","31"
"16","16"
"22","22"
"36","36"
"26","26"
"29","29"
"7","7"
"6","6"
"7","7"
"16","16"
"15","15"
"27","27"
"14","14"
"23","23"
"3","3"
"1","1"
"8","8"
"15","15"
"5","5"
"18","18"
"22","22"
"36","36"
"34","34"
"29","29"
"15","15"
"9","9"
"2","2"
"1","1"
"27","27"
"35","35"
"23","23"
"38","38"
"5","5"
"2","2"
"10","10"
"7","7"
"27","27"
"4","4"
"7","7"
"17","17"
"15","15"
"20","20"
"18","18"
"20","20"
"3","3"
"19","19"
"3","3"
"16","16"
"18","18"
"13","13"
"3","3"
"9","9"
"5","6"
"28","28"
"26","26"
"18","18"
"2","2"
"31","31"
"16","16"
"25","25"
"26","26"
"29","29"
"2","2"
"14","14"
"24","24"
"40","40"
"14","14"
"17","17"
"10","10"
"33","33"
"34","34"
"21","21"
"7","7"
"8","8"
"20","20"
"35","35"
"13","13"
"20","20"
"24","24"
"24","24"
"20","20"
"30","30"
"35","35"
"7","7"
"31","31"
"8","8"
"15","15"
"10","10"
"16","16"
"2","2"
"39","39"
"14","14"
"27","27"
"20","20"
"23","23"
"13","13"
"20","20"
"3","3"
"20","20"
"25","25"
"8","8"
"8","8"
"15","15"
"20","20"
"25","25"
"7","7"
"22","22"
"3","3"
"27","27"
"3","3"
"19","19"
"16","16"
"29","29"
"32","32"
"26","26"
"13","13"
"23","23"
"32","32"
"19","19"
"37","37"
"33","33"
"6","6"
"35","35"
"35","35"
"30","30"
"32","32"
"9","9"
"22","22"
"13","13"
"7","7"
"26","26"
"21","21"
"16","16"
"3","4"
"34","34"
"3","3"
"30","30"
"30","30"
"24","24"
"23","23"
"32","32"
"32","32"
"31","31"
"1","1"
"36","36"
"30","30"
"13","13"
"10","10"
"27","27"
"37","37"
"34","34"
"10","10"
"34","34"
"22","22"
"25","25"
"33","33"
"15","15"
"13","13"
"10","10"
"2","2"
"24","24"
"32","32"
"8","8"
"33","33"
"19","19"
"37","37"
"16","16"
"28","28"
"28","28"
"15","15"
"16","16"
"26","26"
"31","31"
"15","15"
"13","13"
"22","22"
"23","23"
"27","27"
"5","5"
"11","11"
"9","9"
"30","30"
"8","8"
"10","10"
"11","11"
"17","17"
"29","29"
"8","8"
"22","22"
"29","29"
"3","3"
"2","2"
"32","32"
"15","15"
"1","1"
"25","25"
"14","14"
"20","20"
"5","5"
"22","22"
"16","16"
"3","3"
"26","26"
"35","35"
"23","23"
"18","18"
"26","26"
"22","22"
"16","16"
"13","13"
"16","16"
"16","16"
"28","28"
"27","27"
"22","22"
"36","36"
"11","11"
"3","3"
"26","26"
"7","7"
"21","21"
"14","14"
"28","28"
"29","29"
"24","24"
"22","22"
"11","11"
"18","18"
"6","6"
"13","13"
"5","5"
"20","20"
"21","21"
"19","19"
"10","10"
"15","15"
"1","1"
"29","29"
"20","20"
"14","14"
"7","7"
"23","23"
"27","27"
"20","20"
"8","8"
"21","21"
"1","1"
"8","8"
"14","14"
"25","25"
"21","21"
"27","27"
"25","25"
"21","21"
"24","24"
"6","6"
"11","11"
"8","8"
"4","4"
"17","17"
"2","2"
"18","18"
"2","2"
"26","26"
"16","16"
"4","4"
"27","27"
"18","18"
"6","6"
"18","18"
"14","14"
"14","14"
"1","1"
"24","24"
"3","3"
"13","13"
"2","2"
"29","29"
"24","24"
"32","32"
"20","20"
"5","5"
"9","9"
"11","11"
"1","1"
"15","15"
"15","15"
"11","11"
"9","9"
"17","17"
"4","4"
"22","22"
"1","1"
"17","17"
"19","19"
"15","15"
"16","16"
"1","1"
"28","28"
"18","18"
"26","26"
"19","19"
"30","30"
"4","4"
"30","30"
"10","10"
"12","12"
"28","28"
"16","16"
"7","7"
"12","12"
"7","7"
"27","27"
"4","4"
"20","20"
"26","26"
"28","28"
"9","9"
"8","8"
"3","2"
"29","29"
"2","2"
"12","12"
"31","31"
"26","26"
"6","6"
"4","4"
"21","21"
"17","17"
"22","22"
"24","24"
"12","12"
"3","3"
"8","8"
"19","19"
"1","1"
"12","12"
"11","11"
"9","9"
"10","10"
"3","3"
"9","9"
"8","8"
"5","5"
"4","4"
"9","9"
"5","5"
"5","5"
"20","20"
"11","11"
"15","15"
"18","18"
"4","4"
"24","24"
"7","7"
"13","13"
"4","4"
"24","24"
"28","28"
"10","10"
"25","25"
"7","7"
"23","23"
"9","9"
"20","20"
"13","13"
"7","7"
"19","19"
"1","1"
"3","3"
"1","1"
"21","21"
"21","21"
"13","13"
"13","13"
"25","25"
"21","21"
"1","1"
"7","7"
"24","24"
"8","8"
"11","11"
"5","5"
"12","12"
"6","6"
"24","24"
"4","4"
"8","8"
"2","2"
"16","16"
"28","28"
"16","16"
"13","13"
"25","25"
"23","23"
"3","3"
"9","9"
"17","17"
"6","6"
"11","11"
"26","26"
"13","13"
"4","4"
"5","5"
"5","5"
"9","9"
"11","11"
"7","7"
"30","30"
"11","11"
"24","24"
"12","12"
"21","21"
"1","1"
"24","24"
"9","9"
"20","20"
"23","23"
"3","3"
"26","26"
"31","31"
"7","7"
"4","4"
"17","17"
"1","2"
"12","12"
"16","16"
"16","16"
"13","13"
"4","4"
"4","4"
"13","13"
"20","20"
"4","4"
"6","6"
"22","22"
"14","14"
"5","5"
"6","6"
"6","6"
"17","17"
"5","5"
"12","12"
"18","18"
"22","22"
"21","21"
"17","17"
"19","19"
"11","11"
"26","26"
"16","16"
"23","23"
"20","20"
"18","18"
"19","19"
"26","26"
"4","4"
"19","19"
"1","1"
"29","29"
"1","2"
"10","10"
"4","4"
"11","11"
"18","18"
"20","20"
"1","1"
"20","20"
"8","8"
"13","13"
"17","17"
"14","14"
"11","11"
"18","18"
"2","2"
"24","24"
"23","23"
"5","5"
"6","6"
"16","16"
"34","34"
"9","9"
"36","36"
"11","11"
"31","31"
"40","40"
"10","10"
"11","11"
"12","12"
"1","2"
"2","2"
"16","16"
"15","15"
"12","12"
"13","13"
"9","9"
"12","12"
"34","34"
"3","3"
"12","12"
"5","5"
"32","32"
"5","5"
"11","11"
"6","6"
"35","35"
"15","15"
"24","24"
"7","7"
"34","34"
"34","34"
"33","33"
"44","44"
"3","3"
"10","10"
"10","10"
"38","38"
"20","20"
"24","24"
"30","30"
"3","3"
"2","2"
"22","22"
"20","20"
"4","4"
"3","3"
"17","17"
"18","18"
"18","18"
"22","22"
"8","8"
"35","35"
"23","23"
"37","37"
"27","27"
"11","11"
"20","20"
"29","29"
"19","19"
"8","8"
"26","26"
"29","29"
"23","23"
"32","32"
"4","4"
"12","12"
"22","22"
"19","19"
"15","15"
"16","16"
"1","1"
"33","33"
"13","13"
"37","37"
"14","14"
"15","15"
"45","45"
"33","33"
"18","18"
"36","36"
"34","34"
"33","33"
"15","15"
"7","7"
"43","43"
"31","31"
"16","16"
"23","23"
"15","15"
"28","28"
"29","29"
"1","1"
"7","7"
"19","19"
"35","35"
"30","30"
"34","34"
"30","30"
"1","1"
"14","14"
"9","9"
"25","25"
"28","28"
"5","5"
"29","29"
"7","7"
"32","32"
"28","28"
"1","1"
"3","3"
"13","13"
"7","7"
"27","27"
"31","31"
"31","31"
"21","21"
"4","4"
"20","20"
"5","5"
"8","8"
"27","27"
"1","2"
"12","12"
"24","24"
"34","34"
"26","26"
"9","9"
"21","21"
"25","25"
"33","33"
"39","39"
"18","18"
"7","7"
"11","11"
"7","7"
"19","19"
"36","36"
"15","15"
"11","11"
"29","29"
"5","5"
"32","32"
"24","24"
"32","32"
"35","35"
"5","5"
"11","11"
"8","8"
"28","28"
"19","19"
"6","6"
"35","35"
"8","8"
"17","17"
"36","36"
"18","18"
"7","7"
"38","38"
"18","18"
"28","28"
"10","10"
"3","3"
"7","7"
"15","15"
"11","11"
"19","19"
"38","38"
"17","17"
"32","32"
"36","36"
"16","16"
"28","28"
"27","27"
"29","29"
"20","20"
"3","3"
"31","31"
"19","19"
"35","35"
"37","37"
"21","21"
"24","24"
"23","23"
"15","15"
"5","5"
"24","24"
"32","32"
"30","30"
"1","1"
"37","37"
"22","22"
"26","26"
"25","25"
"1","1"
"1","1"
"3","3"
"30","30"
"4","4"
"7","7"
"9","9"
"20","20"
"14","14"
"7","7"
"3","3"
"10","10"
"16","16"
"24","24"
"12","12"
"22","22"
"9","9"
"16","16"
"14","14"
"19","19"
"20","20"
"18","18"
"29","29"
"10","10"
"26","26"
"3","3"
"1","1"
"32","32"
"4","4"
"6","6"
"5","5"
"28","28"
"13","13"
"2","2"
"28","28"
"22","22"
"3","3"
"33","33"
"23","23"
"4","4"
"13","13"
"11","11"
"18","18"
"25","25"
"3","3"
"3","3"
"13","13"
"4","4"
"9","9"
"3","3"
"23","23"
"19","19"
"1","1"
"9","9"
"12","12"
"13","13"
"5","5"
"26","26"
"14","14"
"3","3"
"8","8"
"31","31"
"5","5"
"12","12"
"9","9"
"15","15"
"11","11"
"14","14"
"19","19"
"12","12"
"6","6"
"29","29"
"6","6"
"31","31"
"1","1"
"26","26"
"29","29"
"10","10"
"26","26"
"33","33"
"22","22"
"23","23"
"33","33"
"22","22"
"3","4"
"12","12"
"28","28"
"7","7"
"26","26"
"27","27"
"12","12"
"13","13"
"20","20"
"15","15"
"13","13"
"21","21"
"17","17"
"22","22"
"12","12"
"22","22"
"6","6"
"3","3"
"14","14"
"8","8"
"21","21"
"23","23"
"6","6"
"32","32"
"15","15"
"23","23"
"16","16"
"5","5"
"2","2"
"10","10"
"11","11"
"7","7"
"1","1"
"9","9"
"25","25"
"20","20"
"21","21"
"22","22"
"17","17"
"14","14"
"21","21"
"26","26"
"11","11"
"12","12"
"21","21"
"5","5"
"5","5"
"17","17"
"10","10"
"6","6"
"18","18"
"3","3"
"4","4"
"6","6"
"31","31"
"20","20"
"4","4"
"16","16"
"30","30"
"6","6"
"8","8"
"23","23"
"14","14"
"17","17"
"12","12"
"1","1"
"9","9"
"8","8"
"20","20"
"13","13"
"2","2"
"11","11"
"12","12"
"5","5"
"4","4"
"4","4"
"16","16"
"21","21"
"20","20"
"6","6"
"2","2"
"16","16"
"9","9"
"18","18"
"18","18"
"1","2"
"19","19"
"13","13"
"1","1"
"22","22"
"4","4"
"14","14"
"21","21"
"13","13"
"22","22"
"7","7"
"21","21"
"5","5"
"20","20"
"12","12"
"3","3"
"10","10"
"22","22"
"6","6"
"7","7"
"6","6"
"21","21"
"9","9"
"3","3"
"9","9"
"22","22"
"3","3"
"18","18"
"14","14"
"22","22"
"4","4"
"1","1"
"18","18"
"20","20"
"5","5"
"15","15"
"10","10"
"3","3"
"10","10"
"23","23"
"22","22"
"7","7"
"10","10"
"11","11"
"10","10"
"17","17"
"16","16"
"13","13"
"7","7"
"15","15"
"17","17"
"8","8"
"1","1"
"7","7"
"8","8"
"2","2"
"5","5"
"7","7"
"15","15"
"16","16"
"4","4"
"10","10"
"2","1"
"5","5"
"15","15"
"8","8"
"3","3"
"5","5"
"1","1"
"4","4"
"15","15"
"14","14"
"3","3"
"21","21"
"17","17"
"4","4"
"15","15"
"1","1"
"14","14"
"23","23"
"21","21"
"14","14"
"4","4"
"7","7"
"8","8"
"26","26"
"7","7"
"4","4"
"17","17"
"13","13"
"23","23"
"15","15"
"5","5"
"7","7"
"14","14"
"26","26"
"14","14"
"19","19"
"11","11"
"11","11"
"3","3"
"7","7"
"16","16"
"26","26"
"7","7"
"7","7"
"5","5"
"18","18"
"6","6"
"13","13"
"7","7"
"19","19"
"18","18"
"19","19"
"13","13"
"23","23"
"19","19"
"18","18"
"11","11"
"1","2"
"25","25"
"26","26"
"17","17"
"20","20"
"15","15"
"26","26"
"11","11"
"14","14"
"4","4"
"9","9"
"6","6"
"19","19"
"5","5"
"24","24"
"5","5"
"2","2"
"7","7"
"12","12"
"4","4"
"18","18"
"22","22"
"21","21"
"22","22"
"10","10"
"9","9"
"4","4"
"11","11"
"22","22"
"3","3"
"2","2"
"1","1"
"25","25"
"5","5"
"17","17"
"21","21"
"1","1"
"19","19"
"7","7"
"4","4"
"24","24"
"11","11"
"4","4"
"5","5"
"16","16"
"8","8"
"6","6"
"19","19"
"18","18"
"12","12"
"24","24"
"5","5"
"21","21"
"20","20"
"20","20"
"9","9"
"12","12"
"1","1"
"17","17"
"19","19"
"21","21"
"15","15"
"17","17"
"10","10"
"15","15"
"16","16"
"3","3"
"23","23"
"5","5"
"6","6"
"12","12"
"9","9"
"10","10"
"6","6"
"3","3"
"24","24"
"15","15"
"25","25"
"14","14"
"23","23"
"13","13"
"10","10"
"5","5"
"12","12"
"6","6"
"1","1"
"16","16"
"11","11"
"5","5"
"16","16"
"5","5"
"12","12"
"20","20"
"5","5"
"11","11"
"4","4"
"18","18"
"12","12"
"13","13"
"15","15"
"8","8"
"19","19"
"2","2"
"13","13"
"20","20"
"22","22"
"6","6"
"9","9"
"11","11"
"9","9"
"21","21"
"18","18"
"9","9"
"6","6"
"13","13"
"8","8"
"3","3"
"14","14"
"17","17"
"3","3"
"12","12"
"20","20"
"11","11"
"12","12"
"13","13"
"10","10"
"20","20"
"8","8"
"22","22"
"7","7"
"9","9"
"3","3"
"4","4"
"18","18"
"10","10"
"17","17"
"7","7"
"1","2"
"15","15"
"17","17"
"20","20"
"8","8"
"11","11"
"4","4"
"17","17"
"3","3"
"18","18"
"3","3"
"23","23"
"12","12"
"16","16"
"5","5"
"11","11"
"19","19"
"4","4"
"2","2"
"15","15"
"7","7"
"2","2"
"1","1"
"11","11"
"21","21"
"10","10"
"9","9"
"18","18"
"16","16"
"10","10"
"7","7"
"8","8"
"3","3"
"14","14"
"1","1"
"16","16"
"22","22"
"21","21"
"18","18"
"14","14"
"6","6"
"1","1"
"17","17"
"2","2"
"11","11"
"12","12"
"6","6"
"6","6"
"22","22"
"4","4"
"3","3"
"5","5"
"9","9"
"15","15"
"17","17"
"10","10"
"4","4"
"17","17"
"19","19"
"13","13"
"2","3"
"21","21"
"4","4"
"3","3"
"17","17"
"14","14"
"3","3"
"11","11"
"18","18"
"3","3"
"18","18"
"4","4"
"20","20"
"13","13"
"9","9"
"12","12"
"20","20"
"2","2"
"4","4"
"10","10"
"6","6"
"1","1"
"10","10"
"15","15"
"23","23"
"16","16"
"11","11"
"15","15"
"8","8"
"2","2"
"9","9"
"23","23"
"4","4"
"16","16"
"2","2"
"9","9"
"8","8"
"7","7"
"21","21"
"5","5"
"10","10"
"9","9"
"7","7"
"5","5"
"9","9"
"7","7"
"9","9"
"8","8"
"17","17"
"14","14"
"19","19"
"2","2"
"20","20"
"1","1"
"19","19"
"6","6"
"12","12"
"14","14"
"5","5"
"13","13"
"13","13"
"6","6"
"21","21"
"12","12"
"22","22"
"1","1"
"4","4"
"16","16"
"6","6"
"21","21"
"8","8"
"11","11"
"21","21"
"1","1"
"9","9"
"7","7"
"9","9"
"10","10"
"16","16"
"1","1"
"8","8"
"19","19"
"7","7"
"10","10"
"1","1"
"12","12"
"6","6"
"10","10"
"21","21"
"16","16"
"15","15"
"23","23"
"4","4"
"18","18"
"11","11"
"4","4"
"10","10"
"9","9"
"11","11"
"1","2"
"6","6"
"21","21"
"9","9"
"17","17"
"18","18"
"15","15"
"4","4"
"11","11"
"6","6"
"5","5"
"22","22"
"21","21"
"21","21"
"5","5"
"8","8"
"5","5"
"6","6"
"2","2"
"2","2"
"22","22"
"9","9"
"8","8"
"16","16"
"7","7"
"22","22"
"13","13"
"8","8"
"8","8"
"17","17"
"13","13"
"2","2"
"10","10"
"3","3"
"3","3"
"22","22"
"1","1"
"17","17"
"4","4"
"8","8"
"5","5"
"20","20"
"7","7"
"4","4"
"8","8"
"23","23"
"22","22"
"14","14"
"12","12"
"18","18"
"16","16"
"20","20"
"21","21"
"3","3"
"5","5"
"13","13"
"14","14"
"9","9"
"5","5"
"12","12"
"2","2"
"7","7"
"3","3"
"19","19"
"15","15"
"1","1"
"11","11"
"17","17"
"16","16"
"11","11"
"13","13"
"4","4"
"21","21"
"21","21"
"20","20"
"19","19"
"3","3"
"3","3"
"9","9"
"7","7"
"15","15"
"2","2"
"14","14"
"10","10"
"12","12"
"20","20"
"4","4"
"1","1"
"15","15"
"21","21"
"2","2"
"24","24"
"12","12"
"17","17"
"11","11"
"6","6"
"10","10"
"7","7"
"4","4"
"9","9"
"9","9"
"4","4"
"5","5"
"16","16"
"7","7"
"20","20"
"10","10"
"21","21"
"6","6"
"11","11"
"2","2"
"17","17"
"3","3"
"20","20"
"13","13"
"6","6"
"11","11"
"1","1"
"20","20"
"25","25"
"16","16"
"21","21"
"13","13"
"21","21"
"22","22"
"3","3"
"24","24"
"16","16"
"15","15"
"11","11"
"11","11"
"7","7"
"11","11"
"11","11"
"10","10"
"2","2"
"21","21"
"19","19"
"8","8"
"16","16"
"2","2"
"23","23"
"9","9"
"25","25"
"13","13"
"1","1"
"12","12"
"2","2"
"4","4"
"3","3"
"1","1"
"18","18"
"3","3"
"6","6"
"20","20"
"6","6"
"20","20"
"5","5"
"2","2"
"4","4"
"18","18"
"19","19"
"7","7"
"10","10"
"6","6"
"17","17"
"5","5"
"13","13"
"20","20"
"14","14"
"19","19"
"22","22"
"15","15"
"3","3"
"19","19"
"17","17"
"9","9"
"19","19"
"6","6"
"12","12"
"5","5"
"1","1"
"13","13"
"15","15"
"18","18"
"8","8"
"3","3"
"20","20"
"6","6"
"20","20"
"12","12"
"11","11"
"1","1"
"5","5"
"15","15"
"6","6"
"2","2"
"7","7"
"3","3"
"15","15"
"21","21"
"12","12"
"8","8"
"14","14"
"3","3"
"13","13"
"2","2"
"21","21"
"22","22"
"7","7"
"18","18"
"20","20"
"3","3"
"19","19"
"5","5"
"7","7"
"20","20"
"9","9"
"16","16"
"19","19"
"11","11"
"12","12"
"14","14"
"1","1"
"5","5"
"16","16"
"17","17"
"9","9"
"17","17"
"14","14"
"3","3"
"4","4"
"6","6"
"5","5"
"6","6"
"12","12"
"11","11"
"8","8"
"14","14"
"2","2"
"11","11"
"9","9"
"11","11"
"5","5"
"15","15"
"8","8"
"2","2"
"19","19"
"20","20"
"8","8"
"6","6"
"16","16"
"2","2"
"18","18"
"7","7"
"13","13"
"18","18"
"1","1"
"3","3"
"16","16"
"9","9"
"7","7"
"6","6"
"10","10"
"8","8"
"3","3"
"15","15"
"16","16"
"2","2"
"14","14"
"10","10"
"9","9"
"8","8"
"1","1"
"11","11"
"16","16"
"8","8"
"11","11"
"3","3"
"8","8"
"9","9"
"14","14"
"16","16"
"2","2"
"5","5"
"4","4"
"4","4"
"12","12"
"9","9"
"2","2"
"15","15"
"20","20"
"13","13"
"3","3"
"6","6"
"16","16"
"21","21"
"22","22"
"17","17"
"7","7"
"2","2"
"5","5"
"17","17"
"16","16"
"6","6"
"13","13"
"13","13"
"1","1"
"3","3"
"15","15"
"22","22"
"7","7"
"4","4"
"21","21"
"12","12"
"10","10"
"11","11"
"14","14"
"12","12"
"16","16"
"3","3"
"7","7"
"4","3"
"18","18"
"14","14"
"1","1"
"8","8"
"6","6"
"8","8"
"12","12"
"17","17"
"15","15"
"15","15"
"1","1"
"6","6"
"13","13"
"7","7"
"8","8"
"3","3"
"17","17"
"14","14"
"11","11"
"1","2"
"22","22"
"15","15"
"13","13"
"1","1"
"18","18"
"11","11"
"4","4"
"20","20"
"13","13"
"9","9"
"9","9"
"12","12"
"20","20"
"14","14"
"15","15"
"12","12"
"3","3"
"10","10"
"21","21"
"10","10"
"22","22"
"9","9"
"19","19"
"19","19"
"16","16"
"8","8"
"10","10"
"20","20"
"12","12"
"23","23"
"10","10"
"4","4"
"12","12"
"18","18"
"20","20"
"23","23"
"3","3"
"6","6"
"7","7"
"23","23"
"1","1"
"19","19"
"2","2"
"3","3"
"18","18"
"5","5"
"9","9"
"9","9"
"11","11"
"16","16"
"22","22"
"1","1"
"15","15"
"15","15"
"3","3"
"15","15"
"13","13"
"18","18"
"12","12"
"7","7"
"17","17"
"6","6"
"16","16"
"8","8"
"3","2"
"2","2"
"5","5"
"4","4"
"12","12"
"18","18"
"7","7"
"8","8"
"22","22"
"12","12"
"10","10"
"20","20"
"19","19"
"12","12"
"23","23"
"6","6"
"3","3"
"4","4"
"16","16"
"9","9"
"19","19"
"1","1"
"7","7"
"8","8"
"17","17"
"24","24"
"12","12"
"21","21"
"17","17"
"15","15"
"8","8"
"17","17"
"23","23"
"2","2"
"21","21"
"3","3"
"11","11"
"9","9"
"14","14"
"20","20"
"13","13"
"1","1"
"7","7"
"11","11"
"7","7"
"22","22"
"21","21"
"13","13"
"12","12"
"17","17"
"2","2"
"5","5"
"4","4"
"13","13"
"23","23"
"11","11"
"13","13"
"13","13"
"1","1"
"25","25"
"22","22"
"14","14"
"9","9"
"19","19"
"16","16"
"14","14"
"18","18"
"15","15"
"21","21"
"21","21"
"5","5"
"1","1"
"8","8"
"7","7"
"11","11"
"6","6"
"2","2"
"10","10"
"10","10"
"4","4"
"3","3"
"20","20"
"22","22"
"25","25"
"11","11"
"10","10"
"15","15"
"16","16"
"2","2"
"2","2"
"11","11"
"23","23"
"12","12"
"2","2"
"17","17"
"10","10"
"15","15"
"13","13"
"21","21"
"12","12"
"19","19"
"17","17"
"6","6"
"8","8"
"21","21"
"3","3"
"20","20"
"8","8"
"10","10"
"16","16"
"1","1"
"21","21"
"12","12"
"8","8"
"27","27"
"14","14"
"2","2"
"10","10"
"12","12"
"22","22"
"14","14"
"16","16"
"24","24"
"16","16"
"16","16"
"25","25"
"16","16"
"4","4"
"13","13"
"20","20"
"3","3"
"5","5"
"23","23"
"9","9"
"7","7"
"9","9"
"16","16"
"18","18"
"1","1"
"2","2"
"23","23"
"20","20"
"13","13"
"26","26"
"5","5"
"26","26"
"22","22"
"2","2"
"6","6"
"17","17"
"22","22"
"20","20"
"18","18"
"24","24"
"23","23"
"4","4"
"24","24"
"14","14"
"25","25"
"6","6"
"16","16"
"2","2"
"15","15"
"17","17"
"18","18"
"9","9"
"19","19"
"4","4"
"25","25"
"9","9"
"18","18"
"14","14"
"15","15"
"1","1"
"9","9"
"4","4"
"4","4"
"23","23"
"19","19"
"11","11"
"7","7"
"5","5"
"13","13"
"5","5"
"17","17"
"8","8"
"8","8"
"2","2"
"17","17"
"22","22"
"11","11"
"11","11"
"20","20"
"22","22"
"18","18"
"21","21"
"7","7"
"2","2"
"14","14"
"12","12"
"24","24"
"8","8"
"21","21"
"19","19"
"16","16"
"2","2"
"17","17"
"12","12"
"4","4"
"10","10"
"25","25"
"24","24"
"1","2"
"18","18"
"16","16"
"27","27"
"1","1"
"14","14"
"15","15"
"11","11"
"15","15"
"23","23"
"1","1"
"12","12"
"18","18"
"3","3"
"3","3"
"17","17"
"2","1"
"24","24"
"18","18"
"6","6"
"4","4"
"7","7"
"12","12"
"4","4"
"9","9"
"13","13"
"5","5"
"18","18"
"12","12"
"16","16"
"15","15"
"4","4"
"12","12"
"12","12"
"11","11"
"15","15"
"7","7"
"19","19"
"3","3"
"21","21"
"9","9"
"5","5"
"12","12"
"20","20"
"8","8"
"18","18"
"24","24"
"12","12"
"9","9"
"11","11"
"15","15"
"13","13"
"5","5"
"14","14"
"4","4"
"16","16"
"6","6"
"9","9"
"26","26"
"22","22"
"11","11"
"21","21"
"4","4"
"21","21"
"3","3"
"6","6"
"6","6"
"22","22"
"7","7"
"6","6"
"14","14"
"2","2"
"1","1"
"8","8"
"17","17"
"23","23"
"4","3"
"9","9"
"19","19"
"14","14"
"16","16"
"3","3"
"2","2"
"3","3"
"3","3"
"2","2"
"9","9"
"20","20"
"2","2"
"7","7"
"10","10"
"23","23"
"10","10"
"22","22"
"21","21"
"22","22"
"17","17"
"13","13"
"20","20"
"6","6"
"24","24"
"6","6"
"6","5"
"14","14"
"7","7"
"8","8"
"19","19"
"14","14"
"4","4"
"12","12"
"11","11"
"4","4"
"10","10"
"1","1"
"14","14"
"12","12"
"20","20"
"18","18"
"7","7"
"22","22"
"18","18"
"20","20"
"21","21"
"4","4"
"2","2"
"17","17"
"19","19"
"20","20"
"9","9"
"9","9"
"15","15"
"20","20"
"15","15"
"23","23"
"1","2"
"14","14"
"21","21"
"13","13"
"2","2"
"15","15"
"22","22"
"9","9"
"4","4"
"24","24"
"1","1"
"22","22"
"15","15"
"5","5"
"8","8"
"14","14"
"15","15"
"12","12"
"19","19"
"3","4"
"14","14"
"13","13"
"7","7"
"17","17"
"14","14"
"17","17"
"1","1"
"10","10"
"18","18"
"12","12"
"17","17"
"6","6"
"19","19"
"15","15"
"17","17"
"8","8"
"12","12"
"6","6"
"12","12"
"1","3"
"18","18"
"23","23"
"4","4"
"19","19"
"9","9"
"2","2"
"18","18"
"10","10"
"20","20"
"16","16"
"6","6"
"13","13"
"1","1"
"5","5"
"9","9"
"17","17"
"22","22"
"8","8"
"5","5"
"9","9"
"20","20"
"13","13"
"7","7"
"4","4"
"2","2"
"11","11"
"6","6"
"15","15"
"22","22"
"12","12"
"14","14"
"11","11"
"17","17"
"19","19"
"13","13"
"20","20"
"5","5"
"18","18"
"23","23"
"21","21"
"12","12"
"23","23"
"8","8"
"20","20"
"2","2"
"5","4"
"12","12"
"21","21"
"18","18"
"22","22"
"17","17"
"11","11"
"8","8"
"8","8"
"23","23"
"17","17"
"7","7"
"4","4"
"6","6"
"16","16"
"12","12"
"1","1"
"3","3"
"10","10"
"10","10"
"9","9"
"11","11"
"16","16"
"6","6"
"4","4"
"3","3"
"3","3"
"10","10"
"20","20"
"14","14"
"8","8"
"10","10"
"21","21"
"20","20"
"2","2"
"1","2"
"19","19"
"14","14"
"19","19"
"14","14"
"16","16"
"1","1"
"13","13"
"10","10"
"7","7"
"9","9"
"21","21"
"7","7"
"3","3"
"18","18"
"8","8"
"5","5"
"9","9"
"11","11"
"17","17"
"20","20"
"4","4"
"15","15"
"2","2"
"18","18"
"10","10"
"13","13"
"10","10"
"11","11"
"6","6"
"15","15"
"21","21"
"18","18"
"18","18"
"22","22"
"8","8"
"8","8"
"22","22"
"17","17"
"6","6"
"11","11"
"19","19"
"2","2"
"8","8"
"2","3"
"9","9"
"9","9"
"6","6"
"1","1"
"14","14"
"11","11"
"2","2"
"19","19"
"4","4"
"13","13"
"18","18"
"5","5"
"10","10"
"1","1"
"1","1"
"13","13"
"5","5"
"12","12"
"16","16"
"13","13"
"4","4"
"16","16"
"17","17"
"12","12"
"19","19"
"20","20"
"2","3"
"17","17"
"4","4"
"20","20"
"16","16"
"2","2"
"15","15"
"11","11"
"6","6"
"17","17"
"9","9"
"16","16"
"13","13"
"22","22"
"15","15"
"12","12"
"12","12"
"22","22"
"15","15"
"11","11"
"6","6"
"7","7"
"1","1"
"14","14"
"3","3"
"21","21"
"15","15"
"15","15"
"15","15"
"11","11"
"16","16"
"12","12"
"1","1"
"9","9"
"15","15"
"12","12"
"5","5"
"9","9"
"20","20"
"17","17"
"14","14"
"14","14"
"9","9"
"2","2"
"13","13"
"6","6"
"22","22"
"10","10"
"21","21"
"21","21"
"9","9"
"14","14"
"16","16"
"6","6"
"8","8"
"18","18"
"15","15"
"16","16"
"4","4"
"10","10"
"2","3"
"14","14"
"7","7"
"11","11"
"10","10"
"11","11"
"19","19"
"4","4"
"19","19"
"1","1"
"15","15"
"14","14"
"13","13"
"10","10"
"4","4"
"2","2"
"3","3"
"13","13"
"16","16"
"3","3"
"23","23"
"12","12"
"20","20"
"16","16"
"5","6"
"10","10"
"5","5"
"7","7"
"11","11"
"10","10"
"15","15"
"23","23"
"3","3"
"13","13"
"24","24"
"11","11"
"23","23"
"2","2"
"15","15"
"7","7"
"18","18"
"16","16"
"4","4"
"14","14"
"5","5"
"4","3"
"21","21"
"13","13"
"16","16"
"20","20"
"19","19"
"14","14"
"17","17"
"18","18"
"17","17"
"8","8"
"18","18"
"13","13"
"8","8"
"1","2"
"13","13"
"22","22"
"21","21"
"17","17"
"24","24"
"18","18"
"5","5"
"18","18"
"6","6"
"4","4"
"14","14"
"2","2"
"3","3"
"1","1"
"4","4"
"3","3"
"22","22"
"20","20"
"16","16"
"1","1"
"8","8"
"10","10"
"12","12"
"12","12"
"1","1"
"5","5"
"20","20"
"1","1"
"6","6"
"3","3"
"23","23"
"1","1"
"1","2"
"11","11"
"11","11"
"14","14"
"18","18"
"16","16"
"21","21"
"20","20"
"7","7"
"5","5"
"12","12"
"1","1"
"18","18"
"17","17"
"22","22"
"8","8"
"5","6"
"15","15"
"26","26"
"21","21"
"13","13"
"23","23"
"19","19"
"10","10"
"2","3"
"22","22"
"5","7"
"17","17"
"15","15"
"10","10"
"4","4"
"2","2"
"17","17"
"17","17"
"11","11"
"7","6"
"2","3"
"24","24"
"13","13"
"17","17"
"19","19"
"7","7"
"14","14"
"5","6"
"10","10"
"23","23"
"17","17"
"25","25"
"9","9"
"27","27"
"12","12"
"18","18"
"2","1"
"13","13"
"23","23"
"24","24"
"4","4"
"10","10"
"19","19"
"17","17"
"1","3"
"2","2"
"11","11"
"7","6"
"4","3"
"21","21"
"6","6"
"17","17"
"8","8"
"2","1"
"10","10"
"12","12"
"14","14"
"21","21"
"21","21"
"8","8"
"7","8"
"21","21"
"7","7"
"22","22"
"8","8"
"1","2"
"24","24"
"14","14"
"3","2"
"5","5"
"14","14"
"1","1"
"18","18"
"7","8"
"5","6"
"14","14"
"23","23"
"10","10"
"16","16"
"19","19"
"22","22"
"11","11"
"27","27"
"6","6"
"24","24"
"7","7"
"5","5"
"11","11"
"6","6"
"11","11"
"21","21"
"2","3"
"6","5"
"17","17"
"12","12"
"20","20"
"22","22"
"19","19"
"24","24"
"12","12"
"17","17"
"23","23"
"14","14"
"7","7"
"16","16"
"4","4"
"10","10"
"19","19"
"19","19"
"7","7"
"19","19"
"13","13"
"20","20"
"3","1"
"24","24"
"20","20"
"17","17"
"20","20"
"12","12"
"3","2"
"16","16"
"1","2"
"3","3"
"11","11"
"7","7"
"11","11"
"20","20"
"24","24"
"13","13"
"16","16"
"11","11"
"22","22"
"8","8"
"22","22"
"4","3"
"6","7"
"5","5"
"22","22"
"21","21"
"6","6"
"2","2"
"2","1"
"24","24"
"9","9"
"6","6"
"4","4"
"16","16"
"10","10"
"8","8"
"7","7"
"5","5"
"3","3"
"17","17"
"10","10"
"15","15"
"8","8"
"15","15"
"11","11"
"3","3"
"2","2"
"23","23"
"9","9"
"18","18"
"2","2"
"12","12"
"7","6"
"3","5"
"14","14"
"1","1"
"10","10"
"21","21"
"18","18"
"14","14"
"1","1"
"23","23"
"19","19"
"5","4"
"23","23"
"20","20"
"11","11"
"26","26"
"4","2"
"13","13"
"14","14"
"22","22"
"18","18"
"20","20"
"16","16"
"24","24"
"9","9"
"4","3"
"22","22"
"4","5"
"6","5"
"26","26"
"23","23"
"20","20"
"5","5"
"15","15"
"3","3"
"2","3"
"21","21"
"26","26"
"9","9"
"25","25"
"8","8"
"4","2"
"24","24"
"20","20"
"7","7"
"5","3"
"16","16"
"12","12"
"21","21"
"15","15"
"4","4"
"21","21"
"14","14"
"11","10"
"13","13"
"9","9"
"4","4"
"15","15"
"27","27"
"2","2"
"19","19"
"14","14"
"13","13"
"23","23"
"18","18"
"23","23"
"8","8"
"20","20"
"12","12"
"15","15"
"23","23"
"20","20"
"8","7"
"22","22"
"15","15"
"9","9"
"15","15"
"5","5"
"19","19"
"21","21"
"5","6"
"10","10"
"20","20"
"18","18"
"17","17"
"12","12"
"22","22"
"27","27"
"20","20"
"13","13"
"21","21"
"15","15"
"9","9"
"1","1"
"17","17"
"1","1"
"20","20"
"5","5"
"12","12"
"9","9"
"7","7"
"3","3"
"10","10"
"19","19"
"6","6"
"19","19"
"1","1"
"1","1"
"1","1"
"2","2"
"3","3"
"13","13"
"11","11"
"8","8"
"13","13"
"22","22"
"28","28"
"4","3"
"1","1"
"9","9"
"25","25"
"10","10"
"23","23"
"22","22"
"23","23"
"5","5"
"6","5"
"17","17"
"11","12"
"6","6"
"18","18"
"20","20"
"1","1"
"8","8"
"7","7"
"23","23"
"14","14"
"22","22"
"15","15"
"12","12"
"19","19"
"16","16"
"9","9"
"15","15"
"9","9"
"8","8"
"13","13"
"22","22"
"21","21"
"6","6"
"12","12"
"3","4"
"3","3"
"21","21"
"11","11"
"7","6"
"14","14"
"14","14"
"4","4"
"3","3"
"18","18"
"11","11"
"21","21"
"14","14"
"2","1"
"11","11"
"11","11"
"16","16"
"13","14"
"12","13"
"15","15"
"25","25"
"6","6"
"22","22"
"20","20"
"14","15"
"21","21"
"7","7"
"14","15"
"9","9"
"11","11"
"7","7"
"20","20"
"22","22"
"10","10"
"19","19"
"7","6"
"22","22"
"18","18"
"25","25"
"23","23"
"8","8"
"4","4"
"21","21"
"2","2"
"10","10"
"7","8"
"1","1"
"18","18"
"20","20"
"7","8"
"14","16"
"12","13"
"19","19"
"3","3"
"6","6"
"2","2"
"4","2"
"21","21"
"22","22"
"14","14"
"13","13"
"14","14"
"21","21"
"19","19"
"22","22"
"9","9"
"16","16"
"12","13"
"9","9"
"3","3"
"7","7"
"16","16"
"16","17"
"2","3"
"23","23"
"17","17"
"19","19"
"5","5"
"20","20"
"19","19"
"22","22"
"24","24"
"17","17"
"5","5"
"4","5"
"21","21"
"15","15"
"9","9"
"14","14"
"12","12"
"14","14"
"9","9"
"12","12"
"10","10"
"19","19"
"2","1"
"20","20"
"23","23"
"16","16"
"10","10"
"11","11"
"24","24"
"24","24"
"16","16"
"19","19"
"2","1"
"22","22"
"16","16"
"1","1"
"24","24"
"18","18"
"17","17"
"22","22"
"6","6"
"12","12"
"1","2"
"7","7"
"14","14"
"14","15"
"2","3"
"1","1"
"5","4"
"11","11"
"6","6"
"15","16"
"19","19"
"16","16"
"7","7"
"19","19"
"19","19"
"22","22"
"5","5"
"5","5"
"19","19"
"17","17"
"11","11"
"1","1"
"3","3"
"13","12"
"11","11"
"5","5"
"16","16"
"14","14"
"12","12"
"16","16"
"4","4"
"1","1"
"13","13"
"22","22"
"2","2"
"2","1"
"3","4"
"2","2"
"14","14"
"22","22"
"21","21"
"22","22"
"7","7"
"21","21"
"20","20"
"10","10"
"8","8"
"21","21"
"9","9"
"18","18"
"10","10"
"11","11"
"6","6"
"18","18"
"17","17"
"19","19"
"18","18"
"15","15"
"5","5"
"18","18"
"19","19"
"13","13"
"13","12"
"7","7"
"9","9"
"13","13"
"2","1"
"1","1"
"5","6"
"7","7"
"15","15"
"22","22"
"17","17"
"22","22"
"15","15"
"19","19"
"1","1"
"1","2"
"4","3"
"21","21"
"16","16"
"8","8"
"12","12"
"6","6"
"20","20"
"5","5"
"18","18"
"14","14"
"15","15"
"16","16"
"6","5"
"13","13"
"6","6"
"12","12"
"2","2"
"9","9"
"12","12"
"10","10"
"20","20"
"7","7"
"7","8"
"20","20"
"9","9"
"9","9"
"9","9"
"10","10"
"15","15"
"11","11"
"4","5"
"10","10"
"17","17"
"12","12"
"4","4"
"17","17"
"13","13"
"18","18"
"9","9"
"1","1"
"18","18"
"14","14"
"6","6"
"2","2"
"20","20"
"15","15"
"2","2"
"4","4"
"3","2"
"2","3"
"18","18"
"22","22"
"12","12"
"7","8"
"6","6"
"16","16"
"19","19"
"12","12"
"16","16"
"4","4"
"11","11"
"8","8"
"16","16"
"7","7"
"21","21"
"4","4"
"8","8"
"21","21"
"14","14"
"16","16"
"8","8"
"7","7"
"21","21"
"11","11"
"18","18"
"2","1"
"4","4"
"7","6"
"19","19"
"1","2"
"2","2"
"20","20"
"1","1"
"10","10"
"9","9"
"16","16"
"21","21"
"18","18"
"14","14"
"20","20"
"8","8"
"2","3"
"11","11"
"12","12"
"9","9"
"8","9"
"18","18"
"7","7"
"12","12"
"8","8"
"7","7"
"17","17"
"7","6"
"5","4"
"9","9"
"23","23"
"15","15"
"5","5"
"13","13"
"2","2"
"1","1"
"3","3"
"14","14"
"10","10"
"9","9"
"1","1"
"14","14"
"17","17"
"7","7"
"1","1"
"2","3"
"8","8"
"22","22"
"13","13"
"7","7"
"8","8"
"8","8"
"12","12"
"11","12"
"1","2"
"2","2"
"12","12"
"22","22"
"12","12"
"4","3"
"21","21"
"2","1"
"20","20"
"11","11"
"3","4"
"20","20"
"18","18"
"4","4"
"2","1"
"3","3"
"7","7"
"13","13"
"17","17"
"9","9"
"13","13"
"10","10"
"10","10"
"4","4"
"20","20"
"18","18"
"20","20"
"19","19"
"6","6"
"21","21"
"18","18"
"20","20"
"1","3"
"15","15"
"11","11"
"11","11"
"2","2"
"18","18"
"13","13"
"22","22"
"19","19"
"22","22"
"5","5"
"13","13"
"22","22"
"14","14"
"5","5"
"15","15"
"17","17"
"23","23"
"12","12"
"19","19"
"14","14"
"20","20"
"8","8"
"8","8"
"5","5"
"15","15"
"21","21"
"19","19"
"4","4"
"13","13"
"7","7"
"3","2"
"1","1"
"15","15"
"2","2"
"12","12"
"21","21"
"21","21"
"3","3"
"5","6"
"11","11"
"19","19"
"2","1"
"17","17"
"21","21"
"8","8"
"2","3"
"7","6"
"20","20"
"17","17"
"16","16"
"10","10"
"3","3"
"7","7"
"13","13"
"6","6"
"11","11"
"14","14"
"6","6"
"17","17"
"5","5"
"16","16"
"18","18"
"13","12"
"11","11"
"8","8"
"20","20"
"7","7"
"8","8"
"2","2"
"4","5"
"5","4"
"13","13"
"4","4"
"20","20"
"21","21"
"12","12"
"4","4"
"1","1"
"8","8"
"2","2"
"5","4"
"17","17"
"6","6"
"22","22"
"9","9"
"11","11"
"21","21"
"4","4"
"15","15"
"3","3"
"13","13"
"10","10"
"4","4"
"10","10"
"18","18"
"9","9"
"13","13"
"11","11"
"21","21"
"2","1"
"4","4"
"11","11"
"9","9"
"8","9"
"18","18"
"7","7"
"1","1"
"3","4"
"3","3"
"8","8"
"9","9"
"4","4"
"12","12"
"3","2"
"9","9"
"19","19"
"7","7"
"4","3"
"1","1"
"19","19"
"12","12"
"12","12"
"9","9"
"14","14"
"12","12"
"7","7"
"18","18"
"5","4"
"14","14"
"14","14"
"17","17"
"5","6"
"8","8"
"16","16"
"7","7"
"5","5"
"19","19"
"20","20"
"12","12"
"6","5"
"1","1"
"12","12"
"21","21"
"8","8"
"3","3"
"17","17"
"19","19"
"19","19"
"14","14"
"14","14"
"21","21"
"24","24"
"12","12"
"8","8"
"15","15"
"14","14"
"1","1"
"11","10"
"9","9"
"21","21"
"18","18"
"21","21"
"11","11"
"13","13"
"21","21"
"21","21"
"9","9"
"17","17"
"5","5"
"12","12"
"13","13"
"12","12"
"21","21"
"1","1"
"6","4"
"2","2"
"23","23"
"20","20"
"17","17"
"23","23"
"13","13"
"5","5"
"1","2"
"10","10"
"22","22"
"11","11"
"8","7"
"19","19"
"7","7"
"15","15"
"6","6"
"16","16"
"7","7"
"11","11"
"1","1"
"21","21"
"19","19"
"11","10"
"13","13"
"11","11"
"13","13"
"3","4"
"4","3"
"11","11"
"16","16"
"4","3"
"14","14"
"1","1"
"1","2"
"15","15"
"15","15"
"20","20"
"4","4"
"4","3"
"22","22"
"23","23"
"1","2"
"22","22"
"18","18"
"1","2"
"19","19"
"5","4"
"14","14"
"15","15"
"11","11"
"16","16"
"14","14"
"5","5"
"17","17"
"6","6"
"5","5"
"7","7"
"19","19"
"23","23"
"20","20"
"19","19"
"5","5"
"11","11"
"20","20"
"23","23"
"2","3"
"4","4"
"22","22"
"9","9"
"19","19"
"10","10"
"6","6"
"16","16"
"11","11"
"5","5"
"14","14"
"7","7"
"4","4"
"8","8"
"7","7"
"17","17"
"18","18"
"23","23"
"8","8"
"5","6"
"2","2"
"5","6"
"14","14"
"18","18"
"21","21"
"22","22"
"5","5"
"22","22"
"6","6"
"15","15"
"15","15"
"8","8"
"3","3"
"8","8"
"1","1"
"15","15"
"19","19"
"21","21"
"13","13"
"18","18"
"5","6"
"11","11"
"19","19"
"19","19"
"18","18"
"2","1"
"22","22"
"6","6"
"4","4"
"12","12"
"20","20"
"11","11"
"24","24"
"10","10"
"8","8"
"14","14"
"20","20"
"15","15"
"12","12"
"9","9"
"8","7"
"19","19"
"6","6"
"24","24"
"9","9"
"18","18"
"15","15"
"4","4"
"2","1"
"14","14"
"20","20"
"1","2"
"7","7"
"1","1"
"9","8"
"11","11"
"22","22"
"19","19"
"11","11"
"14","14"
"10","10"
"3","4"
"17","17"
"16","16"
"5","5"
"9","9"
"5","5"
"9","9"
"6","6"
"14","14"
"1","1"
"12","12"
"8","8"
"13","13"
"9","9"
"17","17"
"9","9"
"13","13"
"7","7"
"15","15"
"10","10"
"19","19"
"16","16"
"13","13"
"25","25"
"10","10"
"2","2"
"20","20"
"4","5"
"10","10"
"7","6"
"16","16"
"17","17"
"8","8"
"6","6"
"13","13"
"16","16"
"5","6"
"4","4"
"9","9"
"22","22"
"6","6"
"5","5"
"12","12"
"9","9"
"23","23"
"7","6"
"4","4"
"11","11"
"19","19"
"7","7"
"6","6"
"15","15"
"16","16"
"16","16"
"25","25"
"19","19"
"11","11"
"22","22"
"12","12"
"14","14"
"1","1"
"19","19"
"12","12"
"3","3"
"14","14"
"17","17"
"6","6"
"22","22"
"7","7"
"15","15"
"23","23"
"3","3"
"8","8"
"19","19"
"12","12"
"10","10"
"21","21"
"17","17"
"5","4"
"18","18"
"7","7"
"17","17"
"15","15"
"12","12"
"20","20"
"18","18"
"18","18"
"3","3"
"21","21"
"19","19"
"10","10"
"12","12"
"21","21"
"9","9"
"19","19"
"10","10"
"15","15"
"2","3"
"1","2"
"6","6"
"17","17"
"10","10"
"10","10"
"19","19"
"12","12"
"5","4"
"16","16"
"8","8"
"9","9"
"8","8"
"18","18"
"11","11"
"4","5"
"13","13"
"8","8"
"18","18"
"6","6"
"6","5"
"1","1"
"4","4"
"17","17"
"19","19"
"2","1"
"18","18"
"9","9"
"18","18"
"4","4"
"15","15"
"2","1"
"14","14"
"20","20"
"13","13"
"6","6"
"2","3"
"12","12"
"13","13"
"14","14"
"9","9"
"16","16"
"17","17"
"6","6"
"15","15"
"17","17"
"4","4"
"9","9"
"15","15"
"11","11"
"11","11"
"5","5"
"19","19"
"18","18"
"2","2"
"9","9"
"5","5"
"14","15"
"7","7"
"9","9"
"3","4"
"17","17"
"2","4"
"9","9"
"16","16"
"15","15"
"3","4"
"12","12"
"19","19"
"20","20"
"4","3"
"11","10"
"13","13"
"2","2"
"20","20"
"4","4"
"14","14"
"7","7"
"3","3"
"18","18"
"15","15"
"5","6"
"20","20"
"11","11"
"19","19"
"4","3"
"8","8"
"10","9"
"12","12"
"14","14"
"7","7"
"18","18"
"8","8"
"19","19"
"16","16"
"20","20"
"16","16"
"8","8"
"18","18"
"11","11"
"2","2"
"14","14"
"20","20"
"20","20"
"4","4"
"20","20"
"16","16"
"3","3"
"20","20"
"19","19"
"13","14"
"7","7"
"11","11"
"4","4"
"3","3"
"20","20"
"3","5"
"11","11"
"19","19"
"13","13"
"5","4"
"16","16"
"3","3"
"20","20"
"20","20"
"19","19"
"6","6"
"8","8"
"18","18"
"10","10"
"7","7"
"19","19"
"12","12"
"12","12"
"16","16"
"19","19"
"18","18"
"6","6"
"5","3"
"17","17"
"3","2"
"12","12"
"1","1"
"9","9"
"18","18"
"15","15"
"3","5"
"10","10"
"16","16"
"5","5"
"16","16"
"1","2"
"20","20"
"20","20"
"1","1"
"1","1"
"3","3"
"13","13"
"3","3"
"10","10"
"1","1"
"12","12"
"18","18"
"9","9"
"4","5"
"9","9"
"12","12"
"3","3"
"7","7"
"9","9"
"7","6"
"5","5"
"15","15"
"3","4"
"13","13"
"6","6"
"10","10"
"13","13"
"7","7"
"15","15"
"14","13"
"16","16"
"2","1"
"4","5"
"9","9"
"1","1"
"19","19"
"19","19"
"5","4"
"14","14"
"11","11"
"14","14"
"6","5"
"3","4"
"6","6"
"11","11"
"6","6"
"6","6"
"19","19"
"11","11"
"11","11"
"11","11"
"1","1"
"7","7"
"12","12"
"8","8"
"4","4"
"11","11"
"1","1"
"13","13"
"12","12"
"19","19"
"3","4"
"20","20"
"15","15"
"18","18"
"13","14"
"18","18"
"2","2"
"12","12"
"17","17"
"15","15"
"15","15"
"2","2"
"17","17"
"1","1"
"15","16"
"8","7"
"3","3"
"3","4"
"17","17"
"17","17"
"14","14"
"1","1"
"13","13"
"14","14"
"9","9"
"11","11"
"2","3"
"1","1"
"10","10"
"2","3"
"10","10"
"14","14"
"8","8"
"10","10"
"3","2"
"21","21"
"6","6"
"12","12"
"7","7"
"21","21"
"13","13"
"21","21"
"9","9"
"14","14"
"4","4"
"16","16"
"6","6"
"4","5"
"16","16"
"19","19"
"6","6"
"21","21"
"5","3"
"7","7"
"6","6"
"7","7"
"17","17"
"1","1"
"10","11"
"14","14"
"16","16"
"9","11"
"11","11"
"4","4"
"14","14"
"6","6"
"10","10"
"17","17"
"11","11"
"9","9"
"1","1"
"11","11"
"8","8"
"19","19"
"9","9"
"13","13"
"13","13"
"10","10"
"2","3"
"8","8"
"3","3"
"21","21"
"17","17"
"12","12"
"14","14"
"7","7"
"16","16"
"3","2"
"18","18"
"12","12"
"16","16"
"6","5"
"4","4"
"17","17"
"14","14"
"15","15"
"15","15"
"16","16"
"16","16"
"6","6"
"3","2"
"3","3"
"21","21"
"18","18"
"17","17"
"10","10"
"9","9"
"4","4"
"3","3"
"20","20"
"18","18"
"8","8"
"6","6"
"17","17"
"15","15"
"3","3"
"18","18"
"2","2"
"6","5"
"2","2"
"8","8"
"5","5"
"5","4"
"6","6"
"20","20"
"8","9"
"14","14"
"8","9"
"21","21"
"18","18"
"20","20"
"9","9"
"12","12"
"1","1"
"13","13"
"5","5"
"14","14"
"14","14"
"11","11"
"21","21"
"20","20"
"18","18"
"19","19"
"8","8"
"6","7"
"9","9"
"19","19"
"12","12"
"16","16"
"13","13"
"6","6"
"10","10"
"16","16"
"10","11"
"3","3"
"17","17"
"14","14"
"17","17"
"21","21"
"15","15"
"5","5"
"10","10"
"8","8"
"16","16"
"13","13"
"20","20"
"2","3"
"11","11"
"2","1"
"21","21"
"15","15"
"5","5"
"16","16"
"1","1"
"1","2"
"6","6"
"10","10"
"4","4"
"19","19"
"20","20"
"13","13"
"3","2"
"13","13"
"11","11"
"4","4"
"20","20"
"14","14"
"9","9"
"14","14"
"4","4"
"15","15"
"8","8"
"17","17"
"8","8"
"13","13"
"7","7"
"19","19"
"11","11"
"14","14"
"14","14"
"16","16"
"12","12"
"3","3"
"15","15"
"5","5"
"3","3"
"7","7"
"9","9"
"15","15"
"6","5"
"11","11"
"9","9"
"16","16"
"5","5"
"3","3"
"2","2"
"11","11"
"1","2"
"6","6"
"1","2"
"17","17"
"6","6"
"19","19"
"6","5"
"10","10"
"19","19"
"5","5"
"3","3"
"18","18"
"12","12"
"1","2"
"10","10"
"8","8"
"18","18"
"7","7"
"10","10"
"20","20"
"1","1"
"5","5"
"14","14"
"7","7"
"5","5"
"3","3"
"18","18"
"17","17"
"20","20"
"8","8"
"20","20"
"1","1"
"2","1"
"8","8"
"16","16"
"11","11"
"2","2"
"17","17"
"10","10"
"4","4"
"4","4"
"3","3"
"12","12"
"17","17"
"20","20"
"10","10"
"20","20"
"7","7"
"21","21"
"19","19"
"21","21"
"13","13"
"20","20"
"7","9"
"8","9"
"20","20"
"8","8"
"5","5"
"5","4"
"7","7"
"18","18"
"21","21"
"7","7"
"10","10"
"10","10"
"16","16"
"7","7"
"16","16"
"10","10"
"11","11"
"13","13"
"6","5"
"20","20"
"19","19"
"5","4"
"12","12"
"14","14"
"7","7"
"7","7"
"8","8"
"16","16"
"7","7"
"17","17"
"16","16"
"18","18"
"7","7"
"18","18"
"2","1"
"6","6"
"9","9"
"5","6"
"20","20"
"2","2"
"2","2"
"8","8"
"2","2"
"2","2"
"15","15"
"1","1"
"4","4"
"10","10"
"1","1"
"7","7"
"10","10"
"18","18"
"1","1"
"9","8"
"14","14"
"3","2"
"2","2"
"14","14"
"21","21"
"2","1"
"16","16"
"8","8"
"7","7"
"13","13"
"22","22"
"8","8"
"3","3"
"16","16"
"13","13"
"19","19"
"6","6"
"8","8"
"5","5"
"10","10"
"2","3"
"16","16"
"17","17"
"5","5"
"3","3"
"14","14"
"20","20"
"18","18"
"21","21"
"22","22"
"15","15"
"12","12"
"21","21"
"13","13"
"22","22"
"12","12"
"21","21"
"9","9"
"13","13"
"6","6"
"20","20"
"9","9"
"15","15"
"14","14"
"3","2"
"7","7"
"18","18"
"12","12"
"2","2"
"7","7"
"14","14"
"17","17"
"15","15"
"18","18"
"12","12"
"2","3"
"20","20"
"1","1"
"14","14"
"12","12"
"14","14"
"17","17"
"2","3"
"12","12"
"4","5"
"1","1"
"11","11"
"5","5"
"1","1"
"7","7"
"3","3"
"3","3"
"5","5"
"12","12"
"4","4"
"19","19"
"18","18"
"11","11"
"13","13"
"12","12"
"21","21"
"10","10"
"19","19"
"22","22"
"1","1"
"3","4"
"19","19"
"12","12"
"1","1"
"19","19"
"3","4"
"2","1"
"5","5"
"5","5"
"7","7"
"15","15"
"10","10"
"16","16"
"18","18"
"21","21"
"22","22"
"1","1"
"15","15"
"14","14"
"16","16"
"5","5"
"3","3"
"5","5"
"5","6"
"11","11"
"3","2"
"4","5"
"1","1"
"15","15"
"7","7"
"5","5"
"12","12"
"5","5"
"9","9"
"16","16"
"12","12"
"7","7"
"10","10"
"5","4"
"12","12"
"20","20"
"1","1"
"12","12"
"3","4"
"10","10"
"4","3"
"22","22"
"19","19"
"8","8"
"20","20"
"16","16"
"22","22"
"14","14"
"4","3"
"16","16"
"13","13"
"9","9"
"13","13"
"22","22"
"17","17"
"3","2"
"10","10"
"17","17"
"22","22"
"15","15"
"5","3"
"19","19"
"5","5"
"17","17"
"1","1"
"19","19"
"18","18"
"18","18"
"11","11"
"19","19"
"21","21"
"6","6"
"16","16"
"6","5"
"7","6"
"11","11"
"18","18"
"2","2"
"8","9"
"11","11"
"14","14"
"13","13"
"1","1"
"19","19"
"4","4"
"19","19"
"21","21"
"19","19"
"5","5"
"6","6"
"17","17"
"20","20"
"7","7"
"12","12"
"20","20"
"13","13"
"20","20"
"8","8"
"20","20"
"8","8"
"19","19"
"1","1"
"11","10"
"8","8"
"9","9"
"6","7"
"14","14"
"21","21"
"9","9"
"13","13"
"11","11"
"9","9"
"14","14"
"21","21"
"18","18"
"13","13"
"20","20"
"9","9"
"7","7"
"13","13"
"4","3"
"8","8"
"22","22"
"2","2"
"7","8"
"18","18"
"7","7"
"2","2"
"17","17"
"13","13"
"13","13"
"14","14"
"12","12"
"15","15"
"1","1"
"10","10"
"1","1"
"8","8"
"19","19"
"17","17"
"2","2"
"9","9"
"18","18"
"11","11"
"1","1"
"16","16"
"4","3"
"8","8"
"14","14"
"8","8"
"9","9"
"4","4"
"11","11"
"15","15"
"14","14"
"10","10"
"17","17"
"16","16"
"14","14"
"20","20"
"13","13"
"5","5"
"14","14"
"15","15"
"13","13"
"9","9"
"16","16"
"3","2"
"3","3"
"3","3"
"3","2"
"13","13"
"6","6"
"4","3"
"4","4"
"14","14"
"14","14"
"3","3"
"15","15"
"12","12"
"9","9"
"17","17"
"8","8"
"1","1"
"16","16"
"17","17"
"1","1"
"19","19"
"8","8"
"7","7"
"1","1"
"7","6"
"8","8"
"11","11"
"14","14"
"20","20"
"1","1"
"4","4"
"4","4"
"20","20"
"21","21"
"1","1"
"7","7"
"15","15"
"8","8"
"7","7"
"15","15"
"19","19"
"8","8"
"9","9"
"4","4"
